Index,land_shift_area,complete_year,building_shift_total_area,num_room,num_hall,num_toilet,num_partition,management_org,total_ntd,unit_ntd,carpark_shift_area,carpark_ntd,transaction_year,transaction_month,building_age,number_of_land,number_of_building,number_of_carpark,land,building,garage,Address,Agriculture,Other_x,Others,Quotient,work,For business,For commercial use,For work,Parking space,Resident,Residential business,See license_x,See other registration items_x,industrial use,Brickwork,Civil engineering,Earthen masonry,Earthwork,Not Applicable_x,Prestressed concrete construction,Reinforced concrete construction,See license_y,See other registration items_y,Steel reinforced concrete construction,Stone building,Strengthen brickwork,Wall type reinforced concrete construction,Wooden,Ground floor,Lifting machinery,Lifting plane,Not Applicable_y,Other_y,Ramp machinery,Ramp plane,Tower parking
50,42.0,63.0,105.97,3,2,2,1,0,21500000.0,202887.60970085874,0.0,0,2019,10,1956.0,1,1,0,1,1,0,1,0,0,0,0,0,0,0,0,0,1,0,0,0,0,0,0,0,0,0,0,1,0,0,0,0,0,0,0,0,0,0,1,0,0,0,0
51,5.22,67.0,56.9,2,1,1,1,1,8500000.0,149384.88576449914,0.0,0,2019,10,1952.0,2,1,0,1,1,0,0,0,1,0,0,0,0,0,0,0,1,0,0,0,0,0,0,0,0,0,0,1,0,0,0,0,0,0,0,0,0,0,1,0,0,0,0
52,2246.29,0.0,0.0,0,0,0,1,0,135900000.0,60499.7573777206,0.0,0,2019,10,2019.0,3,0,0,1,0,0,0,1,0,0,0,0,0,0,0,0,0,0,0,1,0,0,0,0,0,1,0,0,0,0,0,0,0,0,0,0,0,0,1,0,0,0,0
54,17.59,98.0,124.36,2,2,1,1,1,13000000.0,104535.22032807977,47.42,0,2019,10,1921.0,1,1,1,1,1,1,1,0,0,0,0,0,0,0,0,0,1,0,0,0,0,0,0,0,0,0,0,1,0,0,0,0,0,0,0,0,0,0,0,0,0,1,0
55,10.2,86.0,70.18,2,1,1,1,1,8400000.0,119692.22000569962,0.0,0,2019,10,1933.0,1,1,0,1,1,0,1,0,0,0,0,0,0,0,0,0,1,0,0,0,0,0,0,0,0,0,0,1,0,0,0,0,0,0,0,0,0,0,1,0,0,0,0
57,7.88,98.0,48.8,0,0,0,0,1,4880000.0,100000.0,0.0,0,2019,10,1921.0,1,1,0,1,1,0,0,0,1,0,0,0,0,0,0,0,1,0,0,0,0,0,0,0,0,0,0,1,0,0,0,0,0,0,0,0,0,0,1,0,0,0,0
61,115.0,75.0,107.66,2,1,3,1,0,42000000.0,390117.0351105332,0.0,0,2019,9,1944.0,2,1,0,1,1,0,0,0,0,0,1,0,0,0,0,0,0,1,0,0,0,1,0,0,0,0,0,0,0,0,0,0,0,0,0,0,0,0,1,0,0,0,0
62,4.13,67.0,25.5,1,0,1,1,0,2500000.0,98039.21568627449,0.0,0,2019,10,1952.0,1,1,0,1,1,0,0,0,1,0,0,0,0,0,0,0,1,0,0,0,0,0,0,0,0,0,0,1,0,0,0,0,0,0,0,0,0,0,1,0,0,0,0
63,95.71,0.0,0.0,0,0,0,1,0,68432650.0,715000.0,0.0,0,2019,11,2019.0,1,0,0,1,0,0,0,0,1,0,0,0,0,0,0,0,0,0,0,1,0,0,0,0,0,1,0,0,0,0,0,0,0,0,0,0,0,0,1,0,0,0,0
64,28.4,65.0,91.42,3,2,2,1,0,10000000.0,109385.25486764383,0.0,0,2019,9,1954.0,1,1,0,1,1,0,1,0,0,0,0,0,0,0,0,0,1,0,0,0,0,0,0,0,0,0,0,1,0,0,0,0,0,0,0,0,0,0,1,0,0,0,0
84,19.83,66.0,85.8,2,2,1,1,0,2660000.0,31002.331002331004,0.0,0,2019,10,1953.0,1,1,0,1,1,0,1,0,0,0,0,0,0,0,0,0,1,0,0,0,0,0,0,0,0,0,0,1,0,0,0,0,0,0,0,0,0,0,1,0,0,0,0
86,36.75,62.0,87.3,2,2,1,1,0,19100000.0,218785.79610538372,0.0,0,2019,10,1957.0,1,1,0,1,1,0,1,0,0,0,0,0,0,0,0,0,1,0,0,0,0,0,0,0,0,0,0,1,0,0,0,0,0,0,0,0,0,0,1,0,0,0,0
110,41.0,66.0,108.83,4,2,1,1,0,9500000.0,87292.10695580264,0.0,0,2019,9,1953.0,1,1,0,1,1,0,1,0,0,0,0,0,0,0,0,0,1,0,0,0,0,0,0,0,0,0,0,1,0,0,0,0,0,0,0,0,0,0,1,0,0,0,0
113,49.0,46.0,39.0,0,0,0,0,0,7330000.0,187948.71794871797,0.0,0,2019,9,1973.0,1,1,0,1,1,0,1,0,0,0,0,0,0,0,0,0,1,0,0,0,0,1,0,0,0,0,0,0,0,0,0,0,0,0,0,0,0,0,1,0,0,0,0
120,26.7,102.0,133.17,0,0,0,0,1,15120000.0,113539.08537959,27.52,2150000,2019,10,1917.0,1,1,1,1,1,1,0,0,1,0,0,0,0,0,0,0,0,0,0,1,0,0,0,0,0,0,0,1,0,0,0,0,0,0,0,0,0,0,0,0,0,1,0
121,672.0,0.0,0.0,0,0,0,1,0,12196000.0,18148.809523809523,0.0,0,2019,10,2019.0,1,0,0,1,0,0,0,0,1,0,0,0,0,0,0,0,0,0,0,1,0,0,0,0,0,1,0,0,0,0,0,0,0,0,0,0,0,0,1,0,0,0,0
227,8.23,86.0,65.83,2,1,1,1,1,11000000.0,167097.06820598512,0.0,0,2019,10,1933.0,1,1,0,1,1,0,0,0,0,0,1,0,0,1,0,0,0,0,0,0,0,0,0,0,0,0,0,1,0,0,0,0,0,0,0,0,0,0,1,0,0,0,0
233,12.6,66.0,61.0,2,1,1,1,0,5500000.0,90163.93442622949,0.0,0,2019,10,1953.0,1,1,0,1,1,0,1,0,0,0,0,0,0,0,0,0,1,0,0,0,0,0,0,0,0,0,0,1,0,0,0,0,0,0,0,0,0,0,1,0,0,0,0
234,53.17,106.0,201.13,2,3,2,1,1,25700000.0,127778.05399492865,23.91,1600000,2019,6,1913.0,1,1,1,1,1,1,1,0,0,0,0,0,0,0,0,0,1,0,0,0,0,0,0,0,0,0,0,1,0,0,0,0,0,0,0,0,0,0,0,0,0,1,0
238,74.68,95.0,220.14,1,2,2,1,0,38000000.0,172617.42527482513,0.0,0,2019,9,1924.0,1,1,0,1,1,0,1,0,0,0,0,0,0,0,0,0,0,0,0,1,0,0,0,0,0,0,0,1,0,0,0,0,0,0,0,0,0,0,1,0,0,0,0
239,88.76,83.0,180.6,3,2,2,1,1,15800000.0,87486.15725359911,0.0,0,2019,9,1936.0,1,1,1,1,1,1,1,0,0,0,0,0,0,0,0,0,1,0,0,0,0,0,0,0,0,0,0,1,0,0,0,0,0,0,0,0,0,0,0,0,0,1,0
240,2.78,0.0,36.65,0,0,0,1,1,2300000.0,62755.79809004093,36.65,2300000,2019,10,2019.0,0,0,1,0,0,1,1,0,0,0,0,0,0,0,0,0,0,0,0,1,0,0,0,0,0,1,0,0,0,0,0,0,0,0,0,0,0,0,0,0,0,1,0
241,125.46,70.0,521.8100000000002,3,2,4,1,1,52000000.0,99653.13044978057,0.0,0,2019,10,1949.0,2,1,0,1,1,0,1,0,0,0,0,0,0,0,0,0,0,0,1,0,0,0,0,0,0,0,0,1,0,0,0,0,0,0,0,0,0,0,1,0,0,0,0
242,6.98,97.0,44.15,0,0,0,0,1,8200000.0,185730.46432616079,0.0,0,2019,10,1922.0,1,1,0,1,1,0,0,0,0,0,1,0,0,0,0,0,0,0,0,1,0,0,0,0,0,0,0,1,0,0,0,0,0,0,0,0,0,0,1,0,0,0,0
282,5.67,0.0,0.0,0,0,0,1,0,1185000.0,208994.70899470896,0.0,0,2019,11,2019.0,2,0,0,1,0,0,1,0,0,0,0,0,0,0,0,0,0,0,0,1,0,0,0,0,0,1,0,0,0,0,0,0,0,0,0,0,0,0,1,0,0,0,0
303,19.86,73.0,80.88,2,1,1,1,1,8700000.0,107566.76557863502,0.0,0,2019,10,1946.0,1,1,0,1,1,0,1,0,0,0,0,0,0,0,0,0,1,0,0,0,0,0,0,0,0,0,0,1,0,0,0,0,0,0,0,0,0,0,1,0,0,0,0
304,45.57,75.0,143.38,4,2,2,1,1,14000000.0,97642.6279815874,0.0,0,2019,9,1944.0,2,1,0,1,1,0,1,0,0,0,0,0,0,0,0,0,1,0,0,0,0,0,0,0,0,0,0,1,0,0,0,0,0,0,0,0,0,0,1,0,0,0,0
305,24.72,102.0,102.7,0,0,0,0,1,12800000.0,124634.85881207402,0.0,0,2019,9,1917.0,1,1,0,1,1,0,0,0,1,0,0,0,0,0,0,0,0,0,0,1,0,0,0,0,0,0,0,1,0,0,0,0,0,0,0,0,0,0,1,0,0,0,0
307,31.93,108.0,295.11,4,2,3,1,1,47550000.0,161126.35966249873,76.34,5400000,2015,4,1907.0,1,1,2,1,1,1,1,0,0,0,0,0,0,0,0,0,1,0,0,0,0,0,0,0,0,0,0,1,0,0,0,0,0,0,0,0,0,0,0,0,0,1,0
308,53.87,66.0,134.39,4,2,2,1,0,17500000.0,130218.02217426893,0.0,0,2019,10,1953.0,1,1,0,1,1,0,1,0,0,0,0,0,0,0,0,0,1,0,0,0,0,0,0,0,0,0,0,1,0,0,0,0,0,0,0,0,0,0,1,0,0,0,0
312,25.06,101.0,184.04,3,2,2,1,1,23000000.0,124972.83199304498,0.0,0,2019,10,1918.0,1,1,1,1,1,1,1,0,0,0,0,0,0,0,0,0,1,0,0,0,0,0,0,0,0,0,0,1,0,0,0,0,0,0,0,0,0,0,0,0,0,1,0
315,35.5,62.0,94.1,3,2,1,1,0,12550000.0,133368.75664187036,0.0,0,2019,10,1957.0,1,1,0,1,1,0,1,0,0,0,0,0,0,0,0,0,1,0,0,0,0,0,0,0,0,0,0,1,0,0,0,0,0,0,0,0,0,0,1,0,0,0,0
486,23.48,105.0,153.72,2,2,2,1,1,22550000.0,146695.29013791308,44.25,0,2019,10,1914.0,1,1,1,1,1,1,1,0,0,0,0,0,0,0,0,0,1,0,0,0,0,0,0,0,0,0,0,1,0,0,0,0,0,0,0,0,0,0,0,0,0,1,0
487,24.94,87.0,126.14,3,2,2,1,1,17000000.0,134770.88948787062,0.0,0,2019,10,1932.0,1,1,1,1,1,1,1,0,0,0,0,0,0,0,0,0,1,0,0,0,0,0,0,0,0,0,0,1,0,0,0,0,0,0,0,0,0,0,0,0,0,1,0
488,6.91,0.0,0.0,0,0,0,1,0,1108247.0,160383.06801736614,0.0,0,2019,11,2019.0,1,0,0,1,0,0,1,0,0,0,0,0,0,0,0,0,0,0,0,1,0,0,0,0,0,1,0,0,0,0,0,0,0,0,0,0,0,0,1,0,0,0,0
489,1.39,0.0,0.0,0,0,0,1,0,222600.0,160143.88489208635,0.0,0,2019,11,2019.0,1,0,0,1,0,0,1,0,0,0,0,0,0,0,0,0,0,0,0,1,0,0,0,0,0,1,0,0,0,0,0,0,0,0,0,0,0,0,1,0,0,0,0
490,1.39,0.0,0.0,0,0,0,1,0,222600.0,160143.88489208635,0.0,0,2019,11,2019.0,1,0,0,1,0,0,1,0,0,0,0,0,0,0,0,0,0,0,0,1,0,0,0,0,0,1,0,0,0,0,0,0,0,0,0,0,0,0,1,0,0,0,0
491,0.73,0.0,32.85,0,0,0,1,0,1800000.0,54794.520547945205,32.85,1800000,2019,11,2019.0,0,0,1,0,0,1,1,0,0,0,0,0,0,0,0,0,0,0,0,1,0,0,0,0,0,1,0,0,0,0,0,0,0,0,0,0,0,0,0,0,0,1,0
492,21.77,73.0,103.46,3,1,2,1,1,14800000.0,143050.45428184807,0.0,0,2019,10,1946.0,1,1,0,1,1,0,1,0,0,0,0,0,0,0,0,0,1,0,0,0,0,0,0,0,0,0,0,1,0,0,0,0,0,0,0,0,0,0,1,0,0,0,0
493,37.5,57.0,46.94,4,1,2,1,0,1408050.0,29996.804431188753,0.0,0,2019,10,1962.0,1,1,0,1,1,0,0,1,0,0,0,0,0,0,0,0,1,0,0,0,0,0,0,0,0,0,0,0,0,0,0,0,1,0,0,0,0,0,1,0,0,0,0
496,40.28,106.0,108.08,2,2,1,1,1,18000000.0,166543.30125832718,25.53,2600000,2019,9,1913.0,1,1,1,1,1,1,1,0,0,0,0,0,0,0,0,0,1,0,0,0,0,0,0,0,0,0,0,1,0,0,0,0,0,0,0,0,0,0,0,0,0,1,0
514,41.67,78.0,136.96,6,3,3,1,0,13380000.0,97692.7570093458,0.0,0,2019,9,1941.0,1,1,0,1,1,0,1,0,0,0,0,0,0,0,0,0,1,0,0,0,0,0,0,0,0,0,0,1,0,0,0,0,0,0,0,0,0,0,1,0,0,0,0
524,9.51,95.0,86.7,2,2,1,1,1,10680000.0,123183.3910034602,0.0,0,2019,10,1924.0,3,1,1,1,1,1,0,0,1,0,0,0,0,0,0,0,0,0,0,1,0,0,0,0,0,0,0,1,0,0,0,0,0,0,0,0,1,0,0,0,0,0,0
557,14.58,106.0,71.61,2,1,1,1,1,15750000.0,219941.34897360703,0.0,0,2019,10,1913.0,1,1,0,1,1,0,1,0,0,0,0,0,0,0,0,0,1,0,0,0,0,0,0,0,0,0,0,1,0,0,0,0,0,0,0,0,0,0,1,0,0,0,0
558,11.58,70.0,73.33,3,2,1,1,1,7500000.0,102277.37624437474,0.0,0,2019,10,1949.0,1,1,0,1,1,0,1,0,0,0,0,0,0,0,0,0,1,0,0,0,0,0,0,0,0,0,0,1,0,0,0,0,0,0,0,0,0,0,1,0,0,0,0
559,10.92,69.0,45.92,0,0,0,1,0,2750000.0,59886.75958188153,0.0,2750000,2019,9,1950.0,0,0,1,0,0,1,1,0,0,0,0,0,0,0,0,0,0,0,1,0,0,0,0,0,0,0,0,1,0,0,0,0,0,0,0,0,0,0,0,0,0,1,0
561,9.2,97.0,36.15,1,1,1,1,1,7400000.0,204702.62793914246,0.0,0,2019,10,1922.0,1,1,0,1,1,0,1,0,0,0,0,0,0,0,0,0,1,0,0,0,0,0,0,0,0,0,0,1,0,0,0,0,0,0,0,0,0,0,1,0,0,0,0
562,44.18,68.0,110.69,3,2,2,1,0,11500000.0,103893.75734031982,0.0,0,2019,10,1951.0,1,1,0,1,1,0,1,0,0,0,0,0,0,0,0,0,1,0,0,0,0,0,0,0,0,0,0,1,0,0,0,0,0,0,0,0,0,0,1,0,0,0,0
563,35.75,61.0,83.25,3,2,1,1,0,14800000.0,177777.77777777778,0.0,0,2019,10,1958.0,1,1,0,1,1,0,1,0,0,0,0,0,0,0,0,0,1,0,0,0,0,0,0,0,0,0,0,1,0,0,0,0,0,0,0,0,0,0,1,0,0,0,0
567,13.42,106.0,193.4,3,2,2,1,1,41000000.0,211995.86349534645,15.01,0,2019,10,1913.0,1,1,1,1,1,1,1,0,0,0,0,0,0,0,0,0,1,0,0,0,0,0,0,0,0,0,0,0,0,1,0,0,0,0,0,0,0,0,0,0,0,1,0
571,30.0,63.0,95.7,3,2,1,1,0,11000000.0,114942.52873563216,0.0,0,2019,10,1956.0,1,1,0,1,1,0,0,0,0,0,1,0,0,0,0,0,1,0,0,0,0,0,0,0,0,0,0,1,0,0,0,0,0,0,0,0,0,0,1,0,0,0,0
572,17.5,60.0,60.89,3,1,1,1,0,9100000.0,149449.82755789132,0.0,0,2019,10,1959.0,1,1,0,1,1,0,1,0,0,0,0,0,0,0,0,0,1,0,0,0,0,0,0,0,0,0,0,1,0,0,0,0,0,0,0,0,0,0,1,0,0,0,0
704,32.54,73.0,119.66,3,2,2,1,0,14300000.0,119505.26491726557,0.0,0,2019,10,1946.0,1,1,0,1,1,0,1,0,0,0,0,0,0,0,0,0,1,0,0,0,0,0,0,0,0,0,0,1,0,0,0,0,0,0,0,0,0,0,1,0,0,0,0
707,52.08,69.0,143.95999999999995,4,2,2,1,0,13000000.0,90302.86190608503,0.0,0,2019,11,1950.0,3,1,0,1,1,0,1,0,0,0,0,0,0,0,0,0,1,0,0,0,0,0,0,0,0,0,0,1,0,0,0,0,0,0,0,0,0,0,1,0,0,0,0
708,35.0,64.0,97.44,2,2,1,1,0,13200000.0,135467.9802955665,0.0,0,2019,11,1955.0,1,1,0,1,1,0,1,0,0,0,0,0,0,0,0,0,1,0,0,0,0,0,0,0,0,0,0,1,0,0,0,0,0,0,0,0,0,0,1,0,0,0,0
710,41.92,107.0,237.1,3,2,2,1,1,48000000.0,202446.22522142556,41.05,3100000,2019,7,1912.0,1,1,1,1,1,1,1,0,0,0,0,0,0,0,0,0,1,0,0,0,0,0,0,0,0,0,0,1,0,0,0,0,0,0,0,0,0,0,0,0,0,1,0
737,41.59,102.0,180.62,3,2,2,1,1,30000000.0,166094.56317129885,0.0,0,2019,10,1917.0,2,1,1,1,1,1,1,0,0,0,0,0,0,0,0,0,1,0,0,0,0,0,0,0,0,0,0,1,0,0,0,0,0,0,0,0,0,0,0,0,0,1,0
738,6.55,0.0,0.0,0,0,0,1,0,144321.0,22033.74045801527,0.0,0,2019,10,2019.0,4,0,0,1,0,0,0,0,1,0,0,0,0,0,0,0,0,0,0,1,0,0,0,0,0,1,0,0,0,0,0,0,0,0,0,0,0,0,1,0,0,0,0
739,22.26,102.0,87.75999999999998,2,1,1,1,1,16000000.0,182315.4056517776,0.0,0,2019,10,1917.0,1,1,0,1,1,0,1,0,0,0,0,0,0,0,0,0,1,0,0,0,0,0,0,0,0,0,0,1,0,0,0,0,0,0,0,0,0,0,1,0,0,0,0
751,80.0,0.0,0.0,0,0,0,1,0,20000000.0,250000.0,0.0,0,2019,10,2019.0,1,0,0,1,0,0,0,0,0,0,1,0,0,0,0,0,0,0,0,1,0,0,0,0,0,1,0,0,0,0,0,0,0,0,0,0,0,0,1,0,0,0,0
752,11.01,75.0,43.65,1,1,1,1,1,4900000.0,112256.58648339061,0.0,0,2019,11,1944.0,2,1,0,1,1,0,1,0,0,0,0,0,0,0,0,0,1,0,0,0,0,0,0,0,0,0,0,1,0,0,0,0,0,0,0,0,0,0,1,0,0,0,0
753,12.63,70.0,84.09,2,2,1,1,1,8000000.0,95136.16363420144,0.0,0,2019,10,1949.0,2,1,0,1,1,0,1,0,0,0,0,0,0,0,0,0,1,0,0,0,0,0,0,0,0,0,0,1,0,0,0,0,0,0,0,0,0,0,1,0,0,0,0
772,38.72,107.0,184.31,3,2,2,1,1,20600000.0,111768.21659161196,47.62,0,2019,10,1912.0,1,1,1,1,1,1,1,0,0,0,0,0,0,0,0,0,1,0,0,0,0,0,0,0,0,0,0,1,0,0,0,0,0,0,0,0,0,0,0,0,0,1,0
774,1515.48,0.0,0.0,0,0,0,1,0,779336059.0,514250.30947290635,0.0,0,2018,10,2018.0,1,0,0,1,0,0,0,0,1,0,0,0,0,0,0,0,0,0,0,1,0,0,0,0,0,1,0,0,0,0,0,0,0,0,0,0,0,0,1,0,0,0,0
775,397.3,0.0,0.0,0,0,0,1,0,204313941.0,514256.0810470677,0.0,0,2019,10,2019.0,1,0,0,1,0,0,0,0,1,0,0,0,0,0,0,0,0,0,0,1,0,0,0,0,0,1,0,0,0,0,0,0,0,0,0,0,0,0,1,0,0,0,0
776,35.18,107.0,210.36,3,2,2,1,1,37450000.0,178028.14223236355,39.56,2600000,2019,9,1912.0,1,1,1,1,1,1,1,0,0,0,0,0,0,0,0,0,1,0,0,0,0,0,0,0,0,0,0,1,0,0,0,0,0,0,0,0,0,0,0,0,0,1,0
777,35.18,107.0,210.36,3,2,2,1,1,38880000.0,184826.01254991442,39.56,2700000,2019,5,1912.0,1,1,1,1,1,1,1,0,0,0,0,0,0,0,0,0,1,0,0,0,0,0,0,0,0,0,0,1,0,0,0,0,0,0,0,0,0,0,0,0,0,1,0
779,15.41,87.0,70.66,1,2,1,1,1,10880000.0,153976.7902632324,0.0,0,2019,10,1932.0,1,1,0,1,1,0,1,0,0,0,0,0,0,0,0,0,1,0,0,0,0,0,0,0,0,0,0,1,0,0,0,0,0,0,0,0,0,0,1,0,0,0,0
780,259.88,0.0,0.0,0,0,0,1,0,107682000.0,414352.77820532565,0.0,0,2019,10,2019.0,1,0,0,1,0,0,1,0,0,0,0,0,0,0,0,0,0,0,0,1,0,0,0,0,0,1,0,0,0,0,0,0,0,0,0,0,0,0,1,0,0,0,0
781,88.0,0.0,0.0,0,0,0,1,0,36469400.0,414425.0,0.0,0,2019,10,2019.0,1,0,0,1,0,0,1,0,0,0,0,0,0,0,0,0,0,0,0,1,0,0,0,0,0,1,0,0,0,0,0,0,0,0,0,0,0,0,1,0,0,0,0
782,1.0,0.0,0.0,0,0,0,1,0,411000.0,411000.0,0.0,0,2019,10,2019.0,1,0,0,1,0,0,1,0,0,0,0,0,0,0,0,0,0,0,0,1,0,0,0,0,0,1,0,0,0,0,0,0,0,0,0,0,0,0,1,0,0,0,0
783,31.93,108.0,295.11,4,2,2,1,1,46000000.0,155874.080851208,76.34,4300000,2016,9,1908.0,1,1,2,1,1,1,1,0,0,0,0,0,0,0,0,0,1,0,0,0,0,0,0,0,0,0,0,1,0,0,0,0,0,0,0,0,0,0,0,0,0,1,0
784,30.98,108.0,288.6,3,2,2,1,1,43360000.0,150242.55024255026,76.34,3900000,2016,6,1908.0,1,1,2,1,1,1,1,0,0,0,0,0,0,0,0,0,1,0,0,0,0,0,0,0,0,0,0,1,0,0,0,0,0,0,0,0,0,0,0,0,0,1,0
785,21.9,108.0,188.35,3,2,2,1,1,28940000.0,153650.11945845498,38.17,1900000,2015,2,1907.0,1,1,1,1,1,1,1,0,0,0,0,0,0,0,0,0,1,0,0,0,0,0,0,0,0,0,0,1,0,0,0,0,0,0,0,0,0,0,0,0,0,1,0
786,30.51,108.0,247.38,4,2,2,1,1,47000000.0,189991.1067992562,38.17,2500000,2015,2,1907.0,1,1,1,1,1,1,1,0,0,0,0,0,0,0,0,0,1,0,0,0,0,0,0,0,0,0,0,1,0,0,0,0,0,0,0,0,0,0,0,0,0,1,0
787,30.98,108.0,288.6,3,2,2,1,1,45800000.0,158697.15869715868,76.34,4800000,2015,4,1907.0,1,1,2,1,1,1,1,0,0,0,0,0,0,0,0,0,1,0,0,0,0,0,0,0,0,0,0,1,0,0,0,0,0,0,0,0,0,0,0,0,0,1,0
789,62.33,61.0,123.34,4,2,3,1,0,23800000.0,192962.54256526675,0.0,0,2019,10,1958.0,5,1,0,1,1,0,1,0,0,0,0,0,0,0,0,0,0,1,0,0,0,0,0,0,0,0,0,0,0,0,0,0,1,0,0,0,0,0,1,0,0,0,0
791,33.75,60.0,85.79,3,2,1,1,0,8800000.0,102576.05781559618,0.0,0,2019,9,1959.0,1,1,0,1,1,0,1,0,0,0,0,0,0,0,0,0,1,0,0,0,0,0,0,0,0,0,0,1,0,0,0,0,0,0,0,0,0,0,1,0,0,0,0
792,30.67,61.0,56.97,1,1,1,1,0,14600000.0,256275.23257855012,0.0,0,2019,10,1958.0,1,1,0,1,1,0,1,0,0,0,0,0,0,0,0,0,1,0,0,0,0,0,0,0,0,0,0,0,0,0,0,0,1,0,0,0,0,0,1,0,0,0,0
916,17.0,66.0,86.45,2,2,1,1,0,9360000.0,108270.67669172931,0.0,0,2019,10,1953.0,1,1,0,1,1,0,1,0,0,0,0,0,0,0,0,0,1,0,0,0,0,0,0,0,0,0,0,1,0,0,0,0,0,0,0,0,0,0,1,0,0,0,0
917,44.36,108.0,251.33,3,2,2,1,0,47500000.0,188994.5489993236,42.7,3000000,2019,7,1911.0,1,1,2,1,1,1,1,0,0,0,0,0,0,0,0,0,1,0,0,0,0,0,0,0,0,0,0,1,0,0,0,0,0,0,0,0,0,0,0,0,1,0,0
918,9.63,97.0,141.76,2,2,1,1,1,25280000.0,178329.5711060948,55.26,0,2019,10,1922.0,1,1,1,1,1,1,0,0,0,0,1,0,0,0,0,0,0,0,0,1,0,0,0,0,0,0,0,1,0,0,0,0,0,0,0,0,0,0,0,0,0,1,0
948,7.64,0.0,0.0,0,0,0,1,0,244693.0,32027.879581151832,0.0,0,2019,10,2019.0,2,0,0,1,0,0,0,0,1,0,0,0,0,0,0,0,0,0,0,1,0,0,0,0,0,1,0,0,0,0,0,0,0,0,0,0,0,0,1,0,0,0,0
949,44.47,84.0,73.99,2,2,1,1,1,8000000.0,108122.71928639006,0.0,0,2019,10,1935.0,3,1,0,1,1,0,1,0,0,0,0,0,0,0,0,0,1,0,0,0,0,0,0,0,0,0,0,1,0,0,0,0,0,0,0,0,0,0,1,0,0,0,0
976,136.7,104.0,294.28,3,2,2,1,1,38660000.0,131371.48294141635,59.0,0,2019,9,1915.0,2,1,2,1,1,1,1,0,0,0,0,0,0,0,0,0,1,0,0,0,0,0,0,0,0,0,0,1,0,0,0,0,0,0,0,0,0,0,0,0,0,1,0
977,21.63,108.0,114.6,2,2,1,1,0,14080000.0,122862.12914485169,32.85,1900000,2019,9,1911.0,1,1,1,1,1,1,1,0,0,0,0,0,0,0,0,0,1,0,0,0,0,0,0,0,0,0,0,1,0,0,0,0,0,0,0,0,0,0,0,0,0,1,0
979,24.57,87.0,84.39,2,1,1,1,1,15080000.0,178694.15807560142,0.0,0,2019,10,1932.0,1,1,0,1,1,0,1,0,0,0,0,0,0,0,0,0,1,0,0,0,0,0,0,0,0,0,0,1,0,0,0,0,0,0,0,0,0,0,1,0,0,0,0
982,70.61,106.0,320.5,3,2,4,1,0,88000000.0,274570.98283931357,0.0,0,2019,10,1913.0,1,1,2,1,1,1,1,0,0,0,0,0,0,0,0,0,1,0,0,0,0,0,0,0,0,0,0,0,0,0,1,0,0,0,0,0,0,0,0,0,0,1,0
983,70.61,106.0,320.3,3,2,4,1,0,88000000.0,274742.428972838,0.0,0,2019,10,1913.0,1,1,2,1,1,1,1,0,0,0,0,0,0,0,0,0,1,0,0,0,0,0,0,0,0,0,0,0,0,0,1,0,0,0,0,0,0,0,0,0,0,1,0
986,24.41,105.0,154.81,1,1,2,1,1,24680000.0,159421.22601899106,44.25,2000000,2019,11,1914.0,1,1,1,1,1,1,1,0,0,0,0,0,0,0,0,0,1,0,0,0,0,0,0,0,0,0,0,1,0,0,0,0,0,0,0,0,0,0,0,0,0,1,0
987,24.41,105.0,154.81,1,1,2,1,1,24680000.0,159421.22601899106,44.25,2000000,2019,11,1914.0,1,1,1,1,1,1,1,0,0,0,0,0,0,0,0,0,1,0,0,0,0,0,0,0,0,0,0,1,0,0,0,0,0,0,0,0,0,0,0,0,0,1,0
988,92.17,104.0,204.28,3,2,1,1,1,28350000.0,138780.10573722346,29.42,1700000,2019,7,1915.0,2,1,1,1,1,1,1,0,0,0,0,0,0,0,0,0,1,0,0,0,0,0,0,0,0,0,0,1,0,0,0,0,0,0,0,0,0,0,0,0,0,1,0
989,27.0,60.0,39.81,2,1,1,1,0,6300000.0,158251.6955538809,0.0,0,2019,10,1959.0,1,1,0,1,1,0,1,0,0,0,0,0,0,0,0,0,1,0,0,0,0,0,0,0,0,0,0,0,0,0,0,0,1,0,0,0,0,0,1,0,0,0,0
1122,5.26,0.0,26.44,0,0,0,1,1,800000.0,30257.186081694403,26.44,800000,2019,11,2019.0,0,0,1,0,0,1,1,0,0,0,0,0,0,0,0,0,0,0,0,1,0,0,0,0,0,1,0,0,0,0,0,0,0,0,0,0,0,0,0,0,1,0,0
1123,0.29,93.0,40.88,0,0,0,1,1,2200000.0,53816.04696673191,0.0,2200000,2019,11,1926.0,0,0,1,0,0,1,1,0,0,0,0,0,0,0,0,0,0,0,0,1,0,0,0,0,0,0,0,0,0,0,1,0,0,0,0,0,0,0,0,0,0,1,0
1124,23.64,73.0,116.84,3,2,2,1,1,13200000.0,112975.00855871275,0.0,0,2019,11,1946.0,1,1,0,1,1,0,1,0,0,0,0,0,0,0,0,0,1,0,0,0,0,0,0,0,0,0,0,1,0,0,0,0,0,0,0,0,0,0,1,0,0,0,0
1125,25.75,84.0,76.84,2,1,1,1,0,9000000.0,117126.49661634564,0.0,0,2019,10,1935.0,1,1,0,1,1,0,1,0,0,0,0,0,0,0,0,0,1,0,0,0,0,0,0,0,0,0,0,1,0,0,0,0,0,0,0,0,0,0,1,0,0,0,0
1127,22.38,108.0,94.63,2,1,1,1,1,14500000.0,153228.36309838318,0.0,0,2017,8,1909.0,1,1,0,1,1,0,1,0,0,0,0,0,0,0,0,0,0,0,0,1,0,0,0,0,0,0,0,1,0,0,0,0,0,0,0,0,0,0,1,0,0,0,0
1132,17.43,92.0,227.27,4,2,2,1,1,44800000.0,197122.36546838566,0.0,0,2019,10,1927.0,1,1,1,1,1,1,0,0,0,0,1,0,0,0,0,0,0,0,1,0,0,0,0,0,0,0,0,1,0,0,0,0,0,0,0,0,0,0,0,0,0,1,0
1159,36.41,73.0,124.22,2,1,1,1,0,15500000.0,124778.61857993883,0.0,0,2019,9,1946.0,1,1,0,1,1,0,1,0,0,0,0,0,0,0,0,0,1,0,0,0,0,0,0,0,0,0,0,1,0,0,0,0,0,0,0,0,0,0,1,0,0,0,0
1162,33.95,70.0,130.73,3,1,2,1,0,16800000.0,128509.1409775874,0.0,0,2019,11,1949.0,1,1,0,1,1,0,1,0,0,0,0,0,0,0,0,0,1,0,0,0,0,0,0,0,0,0,0,1,0,0,0,0,0,0,0,0,0,0,1,0,0,0,0
1179,38.72,107.0,184.31,3,2,2,1,1,21680000.0,117627.9095002984,47.62,0,2019,10,1912.0,1,1,1,1,1,1,1,0,0,0,0,0,0,0,0,0,1,0,0,0,0,0,0,0,0,0,0,1,0,0,0,0,0,0,0,0,0,0,0,0,0,1,0
1181,22.54,70.0,85.06,4,2,1,1,0,3280000.0,38561.0157535857,0.0,0,2019,10,1949.0,1,1,0,1,1,0,1,0,0,0,0,0,0,0,0,0,1,0,0,0,0,0,0,0,0,0,0,1,0,0,0,0,0,0,0,0,0,0,1,0,0,0,0
1182,17.38,94.0,103.21,1,1,1,1,1,19300000.0,186997.3839744211,0.0,0,2019,9,1925.0,1,1,1,1,1,1,1,0,0,0,0,0,0,0,0,0,0,0,0,1,0,0,0,0,0,0,0,1,0,0,0,0,0,0,0,0,0,0,0,0,0,1,0
1183,41.45,70.0,99.59,3,1,1,1,0,9500000.0,95391.10352445023,0.0,0,2019,10,1949.0,3,1,0,1,1,0,1,0,0,0,0,0,0,0,0,0,1,0,0,0,0,0,0,0,0,0,0,1,0,0,0,0,0,0,0,0,0,0,1,0,0,0,0
1185,314.04,0.0,0.0,0,0,0,1,0,8360000.0,26620.81263533308,0.0,0,2019,11,2019.0,1,0,0,1,0,0,0,1,0,0,0,0,0,0,0,0,0,0,0,1,0,0,0,0,0,1,0,0,0,0,0,0,0,0,0,0,0,0,1,0,0,0,0
1186,26.12,68.0,85.25,3,2,1,1,0,11750000.0,137829.91202346038,0.0,0,2019,10,1951.0,1,1,0,1,1,0,1,0,0,0,0,0,0,0,0,0,1,0,0,0,0,0,0,0,0,0,0,1,0,0,0,0,0,0,0,0,0,0,1,0,0,0,0
1187,34.0,59.0,76.92,4,2,2,1,0,17300000.0,224908.9963598544,0.0,0,2019,10,1960.0,1,1,0,1,1,0,1,0,0,0,0,0,0,0,0,0,1,0,0,0,0,0,0,0,0,0,0,0,0,0,0,0,1,0,0,0,0,0,1,0,0,0,0
1188,36.27,107.0,220.7,2,2,2,1,1,41720000.0,189034.88898957858,39.56,2900000,2019,10,1912.0,1,1,1,1,1,1,1,0,0,0,0,0,0,0,0,0,1,0,0,0,0,0,0,0,0,0,0,1,0,0,0,0,0,0,0,0,0,0,0,0,0,1,0
1189,16.21,103.0,212.84,4,2,2,1,1,33000000.0,155046.04397669612,35.73,0,2019,10,1916.0,1,1,1,1,1,1,0,0,0,0,1,0,0,0,0,0,1,0,0,0,0,0,0,0,0,0,0,1,0,0,0,0,0,0,0,0,0,0,0,0,0,1,0
1192,32.83,101.0,262.20000000000005,4,2,2,1,1,33700000.0,128527.84134248664,0.0,0,2019,10,1918.0,1,1,2,1,1,1,1,0,0,0,0,0,0,0,0,0,1,0,0,0,0,0,0,0,0,0,0,1,0,0,0,0,0,0,0,0,0,0,0,0,0,1,0
1193,14.42,88.0,148.57,2,2,2,1,1,19100000.0,128558.92845123512,44.28,0,2019,10,1931.0,1,1,1,1,1,1,0,0,0,0,1,0,0,1,0,0,0,0,0,0,0,0,0,0,0,0,0,1,0,0,0,0,0,0,0,0,0,0,0,0,0,1,0
1195,34.5,0.0,0.0,0,0,0,1,0,5218150.0,151250.72463768115,0.0,0,2019,10,2019.0,1,0,0,1,0,0,0,0,0,0,0,1,0,0,0,0,0,0,0,1,0,0,0,0,0,1,0,0,0,0,0,0,0,0,0,0,0,0,1,0,0,0,0
1332,0.78,0.0,36.91,0,0,0,1,1,1600000.0,43348.68599295584,36.91,1600000,2019,11,2019.0,0,0,1,0,0,1,0,0,0,0,0,1,0,0,0,0,0,0,0,1,0,0,0,0,0,1,0,0,0,0,0,0,0,0,0,0,0,0,0,0,0,1,0
1333,8.9,94.0,45.41,1,1,1,1,1,6530000.0,143800.9249064083,0.0,0,2019,8,1925.0,2,1,0,1,1,0,1,0,0,0,0,0,0,0,0,0,1,0,0,0,0,0,0,0,0,0,0,1,0,0,0,0,0,0,0,0,0,0,1,0,0,0,0
1335,5.45,94.0,50.35,1,1,1,1,1,7550000.0,149950.34756703078,0.0,0,2019,10,1925.0,1,1,0,1,1,0,0,0,1,0,0,0,0,0,0,0,0,0,0,1,0,0,0,0,0,0,0,1,0,0,0,0,0,0,0,0,0,0,1,0,0,0,0
1336,66.91,95.0,348.01,4,2,3,1,1,69960000.0,201028.7060716646,0.0,0,2019,10,1924.0,1,1,2,1,1,1,1,0,0,0,0,0,0,0,0,0,1,0,0,0,0,0,0,0,0,0,0,1,0,0,0,0,0,0,0,0,0,0,0,0,0,1,0
1337,13.89,104.0,78.36,1,1,1,1,1,14300000.0,182491.0668708525,21.92,0,2019,10,1915.0,1,1,1,1,1,1,1,0,0,0,0,0,0,0,0,0,1,0,0,0,0,0,0,0,0,0,0,1,0,0,0,0,0,0,0,0,1,0,0,0,0,0,0
1338,11.53,102.0,167.55,3,2,2,1,1,34000000.0,202924.50014920923,39.6,0,2019,10,1917.0,1,1,1,1,1,1,0,0,0,0,1,0,0,0,0,0,0,0,0,1,0,0,0,0,0,0,0,1,0,0,0,0,0,0,0,0,0,0,0,0,0,1,0
1339,46.76,79.0,203.46,4,2,2,1,1,21500000.0,105671.87653592844,0.0,0,2019,10,1940.0,1,1,1,1,1,1,1,0,0,0,0,0,0,0,0,0,1,0,0,0,0,0,0,0,0,0,0,1,0,0,0,0,0,0,0,0,0,0,0,0,0,1,0
1340,3082.0,0.0,0.0,0,0,0,1,0,102553550.0,33275.0,0.0,0,2019,10,2019.0,1,0,0,1,0,0,0,1,0,0,0,0,0,0,0,0,0,0,0,1,0,0,0,0,0,1,0,0,0,0,0,0,0,0,0,0,0,0,1,0,0,0,0
1342,20.94,74.0,100.49,2,2,1,1,1,21700000.0,215941.8847646532,0.0,0,2019,10,1945.0,1,1,0,1,1,0,1,0,0,0,0,0,0,0,0,0,1,0,0,0,0,0,0,0,0,0,0,1,0,0,0,0,0,0,0,0,0,0,1,0,0,0,0
1359,30.75,63.0,92.93,3,2,2,1,0,12380000.0,133218.55159797694,0.0,0,2019,11,1956.0,1,1,0,1,1,0,1,0,0,0,0,0,0,0,0,0,1,0,0,0,0,0,0,0,0,0,0,1,0,0,0,0,0,0,0,0,0,0,1,0,0,0,0
1387,1163.5,0.0,0.0,0,0,0,1,0,11402300.0,9800.0,0.0,0,2019,11,2019.0,1,0,0,1,0,0,0,0,1,0,0,0,0,0,0,0,0,0,0,1,0,0,0,0,0,1,0,0,0,0,0,0,0,0,0,0,0,0,1,0,0,0,0
1390,7.77,104.0,48.71,1,1,1,1,1,7050000.0,144734.14083350438,0.0,0,2019,11,1915.0,1,1,0,1,1,0,0,0,0,0,0,1,0,0,0,0,0,0,0,1,0,0,0,0,0,0,0,1,0,0,0,0,0,0,0,0,0,0,1,0,0,0,0
1392,8.56,87.0,40.36,1,1,1,1,1,5700000.0,141228.93954410308,0.0,0,2019,11,1932.0,1,1,0,1,1,0,1,0,0,0,0,0,0,0,0,0,1,0,0,0,0,0,0,0,0,0,0,1,0,0,0,0,0,0,0,0,0,0,1,0,0,0,0
1393,27.36,106.0,396.91,0,0,0,0,1,89000000.0,224232.193696304,54.64,4000000,2019,7,1913.0,1,1,2,1,1,1,1,0,0,0,0,0,0,0,0,0,1,0,0,0,0,0,0,0,0,0,0,0,0,1,0,0,0,0,0,0,0,0,0,0,0,1,0
1394,27.39,106.0,399.32,0,0,0,0,1,89000000.0,222878.89412000397,56.74,4000000,2019,7,1913.0,1,1,2,1,1,1,1,0,0,0,0,0,0,0,0,0,1,0,0,0,0,0,0,0,0,0,0,0,0,1,0,0,0,0,0,0,0,0,0,0,0,1,0
1396,74.0,57.0,113.1,4,2,2,1,0,12000000.0,106100.79575596818,0.0,0,2019,11,1962.0,2,1,0,1,1,0,1,0,0,0,0,0,0,0,0,0,1,0,0,0,0,0,0,0,0,0,0,0,0,0,0,0,1,0,0,0,0,0,1,0,0,0,0
1397,27.28,106.0,139.75,3,2,2,1,1,28230000.0,202003.5778175313,0.0,0,2019,9,1913.0,1,1,0,1,1,0,1,0,0,0,0,0,0,0,0,0,1,0,0,0,0,0,0,0,0,0,0,1,0,0,0,0,0,0,0,0,0,0,1,0,0,0,0
1399,58.93,96.0,223.06,3,2,2,1,1,34000000.0,152425.35640634806,0.0,0,2019,10,1923.0,1,1,1,1,1,1,1,0,0,0,0,0,0,0,0,0,1,0,0,0,0,0,0,0,0,0,0,1,0,0,0,0,0,0,0,0,1,0,0,0,0,0,0
1510,343.73,0.0,0.0,0,0,0,1,0,13517400.0,39325.63349140313,0.0,0,2019,11,2019.0,2,0,0,1,0,0,0,1,0,0,0,0,0,0,0,0,0,0,0,1,0,0,0,0,0,1,0,0,0,0,0,0,0,0,0,0,0,0,1,0,0,0,0
1511,33.33,62.0,82.41,3,2,1,1,0,10160000.0,123286.00897949279,0.0,0,2019,11,1957.0,1,1,0,1,1,0,1,0,0,0,0,0,0,0,0,0,1,0,0,0,0,0,0,0,0,0,0,0,0,0,0,0,1,0,0,0,0,0,1,0,0,0,0
1513,73.0,0.0,0.0,0,0,0,1,0,8800000.0,120547.94520547945,0.0,0,2019,10,2019.0,2,0,0,1,0,0,1,0,0,0,0,0,0,0,0,0,0,0,0,1,0,0,0,0,0,1,0,0,0,0,0,0,0,0,0,0,0,0,1,0,0,0,0
1515,21.01,104.0,274.1,3,2,2,1,1,57500000.0,209777.45348412983,69.72,0,2019,9,1915.0,1,1,2,1,1,1,0,0,0,0,1,0,0,0,0,0,1,0,0,0,0,0,0,0,0,0,0,1,0,0,0,0,0,0,0,0,0,0,0,0,0,1,0
1517,31.93,108.0,295.11,3,2,2,1,1,51240000.0,173630.17180034562,76.34,4150000,2015,4,1907.0,1,1,2,1,1,1,1,0,0,0,0,0,0,0,0,0,1,0,0,0,0,0,0,0,0,0,0,1,0,0,0,0,0,0,0,0,0,0,0,0,0,1,0
1518,23.15,108.0,196.86,1,2,1,1,1,34090000.0,173168.74936503096,38.17,2000000,2015,4,1907.0,1,1,1,1,1,1,1,0,0,0,0,0,0,0,0,0,1,0,0,0,0,0,0,0,0,0,0,1,0,0,0,0,0,0,0,0,0,0,0,0,0,1,0
1519,24.36,108.0,205.22,3,2,2,1,1,30500000.0,148620.99210603256,38.17,1950000,2015,7,1907.0,1,1,1,1,1,1,1,0,0,0,0,0,0,0,0,0,1,0,0,0,0,0,0,0,0,0,0,1,0,0,0,0,0,0,0,0,0,0,0,0,0,1,0
1520,356.62,0.0,0.0,0,0,0,1,0,14023100.0,39322.247770736365,0.0,0,2019,11,2019.0,3,0,0,1,0,0,0,1,0,0,0,0,0,0,0,0,0,0,0,1,0,0,0,0,0,1,0,0,0,0,0,0,0,0,0,0,0,0,1,0,0,0,0
1547,9.4,93.0,48.51,3,1,2,1,1,5500000.0,113378.68480725626,0.0,0,2019,10,1926.0,1,1,0,1,1,0,1,0,0,0,0,0,0,0,0,0,1,0,0,0,0,0,0,0,0,0,0,1,0,0,0,0,0,0,0,0,0,0,1,0,0,0,0
1565,27.92,56.0,73.71,0,1,1,1,0,10600000.0,143806.81047347715,0.0,0,2019,11,1963.0,3,1,0,1,1,0,1,0,0,0,0,0,0,0,0,0,1,0,0,0,0,0,0,0,0,0,0,0,0,0,0,0,1,0,0,0,0,0,1,0,0,0,0
1566,22.1,71.0,93.28,2,2,1,1,1,9700000.0,103987.99313893654,0.0,0,2019,10,1948.0,1,1,0,1,1,0,1,0,0,0,0,0,0,0,0,0,1,0,0,0,0,0,0,0,0,0,0,1,0,0,0,0,0,0,0,0,0,0,1,0,0,0,0
1567,35.72,105.0,215.08,4,2,2,1,1,35500000.0,165054.8633066766,38.2,0,2019,10,1914.0,1,1,1,1,1,1,1,0,0,0,0,0,0,0,0,0,1,0,0,0,0,0,0,0,0,0,0,1,0,0,0,0,0,0,0,0,0,0,0,0,0,1,0
1568,27.44,0.0,0.0,0,0,0,1,0,5762600.0,210007.28862973762,0.0,0,2019,11,2019.0,2,0,0,1,0,0,0,0,1,0,0,0,0,0,0,0,0,0,0,1,0,0,0,0,0,1,0,0,0,0,0,0,0,0,0,0,0,0,1,0,0,0,0
1569,3157.0,0.0,0.0,0,0,0,1,0,93580000.0,29642.065251821346,0.0,0,2019,11,2019.0,1,0,0,1,0,0,0,1,0,0,0,0,0,0,0,0,0,0,0,1,0,0,0,0,0,1,0,0,0,0,0,0,0,0,0,0,0,0,1,0,0,0,0
1570,22.16,0.0,0.0,0,0,0,1,0,10000000.0,451263.5379061372,0.0,0,2019,11,2019.0,1,0,0,1,0,0,1,0,0,0,0,0,0,0,0,0,0,0,0,1,0,0,0,0,0,1,0,0,0,0,0,0,0,0,0,0,0,0,1,0,0,0,0
1573,33.57,71.0,106.58,3,2,2,1,0,9580000.0,89885.53199474572,0.0,0,2019,10,1948.0,2,1,0,1,1,0,1,0,0,0,0,0,0,0,0,0,1,0,0,0,0,0,0,0,0,0,0,1,0,0,0,0,0,0,0,0,0,0,1,0,0,0,0
1574,69.0,56.0,77.76,1,2,1,1,0,38080000.0,489711.9341563786,0.0,0,2019,10,1963.0,1,1,0,1,1,0,0,0,0,0,1,0,0,0,0,0,1,0,0,0,0,0,0,0,0,0,0,0,0,0,0,0,1,0,0,0,0,0,1,0,0,0,0
1575,11.12,87.0,48.06,1,1,1,1,1,8000000.0,166458.59342488553,0.0,0,2019,11,1932.0,1,1,0,1,1,0,1,0,0,0,0,0,0,0,0,0,1,0,0,0,0,0,0,0,0,0,0,1,0,0,0,0,0,0,0,0,0,0,1,0,0,0,0
1580,30.23,74.0,152.47,3,2,2,1,1,18880000.0,123827.63822391289,0.0,0,2019,10,1945.0,2,1,0,1,1,0,1,0,0,0,0,0,0,0,0,0,1,0,0,0,0,0,0,0,0,0,0,1,0,0,0,0,0,0,0,0,0,0,1,0,0,0,0
1582,1.0,0.0,0.0,0,0,0,1,0,634930.0,634930.0,0.0,0,2019,10,2019.0,1,0,0,1,0,0,1,0,0,0,0,0,0,0,0,0,0,0,0,1,0,0,0,0,0,1,0,0,0,0,0,0,0,0,0,0,0,0,1,0,0,0,0
1583,8.09,97.0,86.5,2,2,1,1,1,22580000.0,261040.4624277457,0.0,0,2019,10,1922.0,1,1,0,1,1,0,0,0,0,0,1,0,0,0,0,0,0,0,0,1,0,0,0,0,0,0,0,1,0,0,0,0,0,0,0,0,0,0,1,0,0,0,0
1690,29.37,68.0,81.44,3,1,1,1,0,5700000.0,69990.1768172888,0.0,0,2019,10,1951.0,1,1,0,1,1,0,1,0,0,0,0,0,0,0,0,0,1,0,0,0,0,0,0,0,0,0,0,1,0,0,0,0,0,0,0,0,0,0,1,0,0,0,0
1691,19.36,108.0,112.62,2,2,1,1,1,22200000.0,197123.06872669156,19.8,2300000,2019,11,1911.0,1,1,1,1,1,1,1,0,0,0,0,0,0,0,0,0,1,0,0,0,0,0,0,0,0,0,0,1,0,0,0,0,0,0,0,0,1,0,0,0,0,0,0
1692,48.6,107.0,309.18,3,2,2,1,1,48950000.0,158322.0130668219,82.1,5200000,2019,10,1912.0,1,1,2,1,1,1,1,0,0,0,0,0,0,0,0,0,1,0,0,0,0,0,0,0,0,0,0,1,0,0,0,0,0,0,0,0,0,0,0,0,0,1,0
1694,33.18,0.0,0.0,0,0,0,1,0,5821000.0,175437.01024713684,0.0,0,2019,11,2019.0,1,0,0,1,0,0,1,0,0,0,0,0,0,0,0,0,0,0,0,1,0,0,0,0,0,1,0,0,0,0,0,0,0,0,0,0,0,0,1,0,0,0,0
1695,33.18,0.0,0.0,0,0,0,1,0,5821000.0,175437.01024713684,0.0,0,2019,11,2019.0,1,0,0,1,0,0,1,0,0,0,0,0,0,0,0,0,0,0,0,1,0,0,0,0,0,1,0,0,0,0,0,0,0,0,0,0,0,0,1,0,0,0,0
1696,33.18,0.0,0.0,0,0,0,1,0,5821000.0,175437.01024713684,0.0,0,2019,11,2019.0,1,0,0,1,0,0,1,0,0,0,0,0,0,0,0,0,0,0,0,1,0,0,0,0,0,1,0,0,0,0,0,0,0,0,0,0,0,0,1,0,0,0,0
1697,41.48,0.0,0.0,0,0,0,1,0,7277000.0,175433.94406943108,0.0,0,2019,11,2019.0,1,0,0,1,0,0,1,0,0,0,0,0,0,0,0,0,0,0,0,1,0,0,0,0,0,1,0,0,0,0,0,0,0,0,0,0,0,0,1,0,0,0,0
1698,27.65,0.0,0.0,0,0,0,1,0,4851000.0,175443.03797468357,0.0,0,2019,11,2019.0,1,0,0,1,0,0,1,0,0,0,0,0,0,0,0,0,0,0,0,1,0,0,0,0,0,1,0,0,0,0,0,0,0,0,0,0,0,0,1,0,0,0,0
1699,20.74,0.0,0.0,0,0,0,1,0,3638000.0,175409.83606557382,0.0,0,2019,11,2019.0,1,0,0,1,0,0,1,0,0,0,0,0,0,0,0,0,0,0,0,1,0,0,0,0,0,1,0,0,0,0,0,0,0,0,0,0,0,0,1,0,0,0,0
1700,6.91,0.0,0.0,0,0,0,1,0,1213000.0,175542.69175108534,0.0,0,2019,11,2019.0,1,0,0,1,0,0,1,0,0,0,0,0,0,0,0,0,0,0,0,1,0,0,0,0,0,1,0,0,0,0,0,0,0,0,0,0,0,0,1,0,0,0,0
1709,39.7,84.0,145.25,2,2,2,1,1,20500000.0,141135.97246127366,0.0,0,2019,10,1935.0,1,1,0,1,1,0,1,0,0,0,0,0,0,0,0,0,1,0,0,0,0,0,0,0,0,0,0,1,0,0,0,0,0,0,0,0,0,0,1,0,0,0,0
1712,13.27,92.0,119.34,1,1,2,1,1,20680000.0,173286.4085805262,35.51,3700000,2019,10,1927.0,1,1,1,1,1,1,0,0,1,0,0,0,0,0,0,0,1,0,0,0,0,0,0,0,0,0,0,1,0,0,0,0,0,0,0,0,0,0,0,0,0,1,0
1732,9.49,97.0,37.15,1,1,1,1,1,7880000.0,212113.05518169585,0.0,0,2019,11,1922.0,1,1,0,1,1,0,1,0,0,0,0,0,0,0,0,0,1,0,0,0,0,0,0,0,0,0,0,1,0,0,0,0,0,0,0,0,0,0,1,0,0,0,0
1736,22.38,108.0,94.63,2,1,1,1,1,14600000.0,154285.11043009616,0.0,0,2019,11,1911.0,1,1,0,1,1,0,1,0,0,0,0,0,0,0,0,0,0,0,0,1,0,0,0,0,0,0,0,1,0,0,0,0,0,0,0,0,0,0,1,0,0,0,0
1737,3.23,96.0,36.38,1,1,1,1,1,7100000.0,195162.17702034087,0.0,0,2019,10,1923.0,1,1,0,1,1,0,0,0,0,0,1,0,0,0,0,0,1,0,0,0,0,0,0,0,0,0,0,0,0,0,1,0,0,0,0,0,0,0,1,0,0,0,0
1738,39.25,64.0,120.62,3,2,2,1,0,11100000.0,92024.53987730063,0.0,0,2019,10,1955.0,1,1,0,1,1,0,1,0,0,0,0,0,0,0,0,0,1,0,0,0,0,0,0,0,0,0,0,1,0,0,0,0,0,0,0,0,0,0,1,0,0,0,0
1758,9.69,67.0,100.81,3,2,2,1,1,14500000.0,143834.93701021725,0.0,0,2019,11,1952.0,2,1,0,1,1,0,0,0,1,0,0,0,0,0,0,0,1,0,0,0,0,0,0,0,0,0,0,1,0,0,0,0,0,0,0,0,0,0,1,0,0,0,0
1762,8.07,75.0,39.41,0,0,0,0,1,2450000.0,62166.962699822376,0.0,0,2019,11,1944.0,1,1,0,1,1,0,1,0,0,0,0,0,0,1,0,0,0,0,0,0,0,0,0,0,0,0,0,1,0,0,0,0,0,0,0,0,0,0,1,0,0,0,0
1763,31.9,96.0,152.38,2,2,2,1,1,30280000.0,198713.74196088727,0.0,0,2019,10,1923.0,2,1,1,1,1,1,1,0,0,0,0,0,0,0,0,0,1,0,0,0,0,0,0,0,0,0,0,0,0,0,1,0,0,0,0,0,0,0,0,0,0,1,0
1766,27.78,95.0,195.77,3,2,2,1,1,23000000.0,117484.8035960566,0.0,0,2019,11,1924.0,2,1,1,1,1,1,1,0,0,0,0,0,0,0,0,0,1,0,0,0,0,0,0,0,0,0,0,1,0,0,0,0,0,0,0,0,0,1,0,0,0,0,0
1767,15.27,0.0,0.0,0,0,0,1,0,14000000.0,916830.38637852,0.0,0,2019,10,2019.0,1,0,0,1,0,0,0,0,0,0,1,0,0,0,0,0,0,0,0,1,0,0,0,0,0,1,0,0,0,0,0,0,0,0,0,0,0,0,1,0,0,0,0
1768,16.82,0.0,0.0,0,0,0,1,0,1000000.0,59453.032104637336,0.0,0,2019,10,2019.0,2,0,0,1,0,0,0,0,1,0,0,0,0,0,0,0,0,0,0,1,0,0,0,0,0,1,0,0,0,0,0,0,0,0,0,0,0,0,1,0,0,0,0
1770,31.25,63.0,87.02,3,2,2,1,0,12580000.0,144564.46793840494,0.0,0,2019,11,1956.0,1,1,0,1,1,0,1,0,0,0,0,0,0,0,0,0,1,0,0,0,0,0,0,0,0,0,0,1,0,0,0,0,0,0,0,0,0,0,1,0,0,0,0
1898,14.58,106.0,71.61,2,1,1,1,1,15000000.0,209467.95140343532,0.0,0,2019,11,1913.0,1,1,0,1,1,0,1,0,0,0,0,0,0,0,0,0,1,0,0,0,0,0,0,0,0,0,0,1,0,0,0,0,0,0,0,0,0,0,1,0,0,0,0
1901,91.08,95.0,200.88,2,3,2,1,1,30000000.0,149342.89127837514,0.0,0,2019,10,1924.0,1,1,1,1,1,1,1,0,0,0,0,0,0,0,0,0,1,0,0,0,0,0,0,0,0,0,0,1,0,0,0,0,0,0,0,0,0,0,0,0,0,1,0
1902,91.08,95.0,200.88,3,2,2,1,1,26000000.0,129430.5057745918,0.0,0,2019,10,1924.0,1,1,1,1,1,1,1,0,0,0,0,0,0,0,0,0,1,0,0,0,0,0,0,0,0,0,0,1,0,0,0,0,0,0,0,0,0,0,0,0,0,1,0
1906,16.06,74.0,83.17,2,2,1,1,1,12560000.0,151015.99134303234,0.0,0,2019,11,1945.0,2,1,0,1,1,0,1,0,0,0,0,0,0,0,0,0,1,0,0,0,0,0,0,0,0,0,0,1,0,0,0,0,0,0,0,0,0,0,1,0,0,0,0
1928,11.07,66.0,39.85,1,1,1,1,1,3250000.0,81555.83437892095,0.0,0,2019,11,1953.0,4,1,0,1,1,0,0,0,1,0,0,0,0,0,0,0,1,0,0,0,0,0,0,0,0,0,0,1,0,0,0,0,0,0,0,0,0,0,1,0,0,0,0
1929,31.86,67.0,121.14,3,2,2,1,0,12000000.0,99058.94006934128,0.0,0,2019,8,1952.0,3,1,0,1,1,0,1,0,0,0,0,0,0,0,0,0,1,0,0,0,0,0,0,0,0,0,0,1,0,0,0,0,0,0,0,0,0,0,1,0,0,0,0
1949,32.98,70.0,101.22,3,2,2,1,0,12080000.0,119344.00316143055,0.0,0,2019,10,1949.0,2,1,0,1,1,0,1,0,0,0,0,0,0,0,0,0,1,0,0,0,0,0,0,0,0,0,0,1,0,0,0,0,0,0,0,0,0,0,1,0,0,0,0
1950,3.46,0.0,0.0,0,0,0,1,0,554000.0,160115.60693641618,0.0,0,2019,11,2019.0,1,0,0,1,0,0,1,0,0,0,0,0,0,0,0,0,0,0,0,1,0,0,0,0,0,1,0,0,0,0,0,0,0,0,0,0,0,0,1,0,0,0,0
1951,3.46,0.0,0.0,0,0,0,1,0,606000.0,175144.50867052024,0.0,0,2019,11,2019.0,1,0,0,1,0,0,1,0,0,0,0,0,0,0,0,0,0,0,0,1,0,0,0,0,0,1,0,0,0,0,0,0,0,0,0,0,0,0,1,0,0,0,0
1952,13.06,100.0,62.02,0,0,0,0,1,13000000.0,209609.80328926156,0.0,0,2019,10,1919.0,1,2,0,1,1,0,1,0,0,0,0,0,0,0,0,0,1,0,0,0,0,0,0,0,0,0,0,1,0,0,0,0,0,0,0,0,0,0,1,0,0,0,0
1953,990.38,0.0,0.0,0,0,0,1,0,26300000.0,26555.463559441832,0.0,0,2019,11,2019.0,1,0,0,1,0,0,0,1,0,0,0,0,0,0,0,0,0,0,0,1,0,0,0,0,0,1,0,0,0,0,0,0,0,0,0,0,0,0,1,0,0,0,0
1958,68.0,57.0,75.3,4,2,2,1,0,12000000.0,159362.54980079678,0.0,0,2019,7,1962.0,2,1,0,1,1,0,1,0,0,0,0,0,0,0,0,0,1,0,0,0,0,0,0,0,0,0,0,0,0,0,0,0,1,0,0,0,0,0,1,0,0,0,0
1959,29.16,76.0,102.58,3,2,2,1,0,9400000.0,91635.79645155,0.0,0,2019,9,1943.0,1,1,0,1,1,0,1,0,0,0,0,0,0,0,0,0,1,0,0,0,0,0,0,0,0,0,0,1,0,0,0,0,0,0,0,0,0,0,1,0,0,0,0
2079,48.26,106.0,196.04,4,2,2,1,1,9168557.0,46768.807386247696,43.04,0,2019,9,1913.0,1,1,1,1,1,1,0,0,1,0,0,0,0,0,0,0,0,0,0,1,0,0,0,0,0,0,0,1,0,0,0,0,0,0,0,0,0,0,0,0,0,1,0
2080,27.39,106.0,397.22,0,0,0,0,1,90000000.0,226574.6941241629,54.64,4000000,2019,10,1913.0,1,1,2,1,1,1,1,0,0,0,0,0,0,0,0,0,1,0,0,0,0,0,0,0,0,0,0,0,0,1,0,0,0,0,0,0,0,0,0,0,0,1,0
2081,21.38,74.0,63.28,2,2,1,1,0,5180000.0,81858.40707964601,0.0,0,2019,11,1945.0,1,1,0,1,1,0,0,0,1,0,0,0,0,0,0,0,1,0,0,0,0,0,0,0,0,0,0,1,0,0,0,0,0,0,0,0,0,0,1,0,0,0,0
2082,0.09,98.0,4.03,0,0,0,1,1,400000.0,99255.58312655086,4.03,400000,2019,11,1921.0,0,0,1,0,0,1,0,0,0,0,1,0,0,0,0,0,0,0,0,1,0,0,0,0,0,0,0,1,0,0,0,0,0,0,0,0,0,0,0,0,0,0,1
2083,10.0,0.0,0.0,0,0,0,1,0,816000.0,81600.0,0.0,0,2019,11,2019.0,1,0,0,1,0,0,0,0,1,0,0,0,0,0,0,0,0,0,0,1,0,0,0,0,0,1,0,0,0,0,0,0,0,0,0,0,0,0,1,0,0,0,0
2084,14.92,70.0,107.35,3,2,2,1,1,11400000.0,106194.69026548672,0.0,0,2019,11,1949.0,1,1,0,1,1,0,0,0,1,0,0,0,0,0,0,0,1,0,0,0,0,0,0,0,0,0,0,1,0,0,0,0,0,0,0,0,0,0,1,0,0,0,0
2089,27.65,0.0,0.0,0,0,0,1,0,4851000.0,175443.03797468357,0.0,0,2019,11,2019.0,1,0,0,1,0,0,1,0,0,0,0,0,0,0,0,0,0,0,0,1,0,0,0,0,0,1,0,0,0,0,0,0,0,0,0,0,0,0,1,0,0,0,0
2091,9.67,87.0,81.76,3,1,1,1,1,9900000.0,121086.10567514675,0.0,0,2019,11,1932.0,1,1,0,1,1,0,0,0,1,0,0,0,0,0,0,0,1,0,0,0,0,0,0,0,0,0,0,1,0,0,0,0,0,0,0,0,0,0,1,0,0,0,0
2092,0.03,99.0,16.75,0,0,0,1,1,600000.0,35820.89552238806,0.0,600000,2019,11,1920.0,0,0,1,0,0,1,1,0,0,0,0,0,0,0,0,0,1,0,0,0,0,0,0,0,0,0,0,1,0,0,0,0,0,0,0,0,1,0,0,0,0,0,0
2118,162.23,0.0,0.0,0,0,0,1,0,4318560.0,26619.98397337114,0.0,0,2019,10,2019.0,1,0,0,1,0,0,0,0,1,0,0,0,0,0,0,0,0,0,0,1,0,0,0,0,0,1,0,0,0,0,0,0,0,0,0,0,0,0,1,0,0,0,0
2119,49.4,105.0,338.29,2,2,2,1,1,50000000.0,147802.18156019985,61.62,0,2019,10,1914.0,1,1,2,1,1,1,1,0,0,0,0,0,0,0,0,0,1,0,0,0,0,0,0,0,0,0,0,1,0,0,0,0,0,0,0,0,0,0,0,0,0,1,0
2120,33.53,69.0,118.22,3,2,2,1,0,14500000.0,122652.68144138047,0.0,0,2019,11,1950.0,1,1,0,1,1,0,1,0,0,0,0,0,0,0,0,0,1,0,0,0,0,0,0,0,0,0,0,1,0,0,0,0,0,0,0,0,0,0,1,0,0,0,0
2160,728.02,0.0,0.0,0,0,0,1,0,11011300.0,15124.996566028409,0.0,0,2019,11,2019.0,1,0,0,1,0,0,0,1,0,0,0,0,0,0,0,0,0,0,0,1,0,0,0,0,0,1,0,0,0,0,0,0,0,0,0,0,0,0,1,0,0,0,0
2162,0.26,74.0,36.54,0,0,0,1,1,1350000.0,36945.812807881775,36.33,1350000,2019,11,1945.0,0,0,1,0,0,1,1,0,0,0,0,0,0,0,0,1,0,0,0,0,0,0,0,0,0,0,0,1,0,0,0,0,0,0,0,0,0,0,0,0,0,1,0
2163,23.23,84.0,236.02,4,2,2,1,1,40100000.0,169900.85585967288,0.0,0,2019,11,1935.0,1,1,1,1,1,1,0,0,0,0,1,0,0,0,0,0,1,0,0,0,0,0,0,0,0,0,0,1,0,0,0,0,0,0,0,0,0,0,0,0,0,1,0
2164,32.54,83.0,122.54,3,2,2,1,0,16000000.0,130569.60992329035,0.0,0,2019,11,1936.0,1,1,0,1,1,0,1,0,0,0,0,0,0,1,0,0,0,0,0,0,0,0,0,0,0,0,0,1,0,0,0,0,0,0,0,0,0,0,1,0,0,0,0
2166,32.44,108.0,194.81,3,2,2,1,0,33380000.0,171346.44012114368,42.69,2600000,2019,11,1911.0,1,1,1,1,1,1,1,0,0,0,0,0,0,0,0,0,1,0,0,0,0,0,0,0,0,0,0,1,0,0,0,0,0,0,0,0,0,0,0,0,0,1,0
2168,16.44,98.0,143.03,2,2,2,1,1,22600000.0,158008.80934069774,0.0,0,2019,11,1921.0,2,1,1,1,1,1,1,0,0,0,0,0,0,0,0,0,1,0,0,0,0,0,0,0,0,0,0,1,0,0,0,0,0,0,0,0,0,1,0,0,0,0,0
2179,10.44,108.0,57.78,1,1,1,1,1,11600000.0,200761.50917272407,17.38,0,2019,10,1911.0,1,1,1,1,1,1,1,0,0,0,0,0,0,0,0,0,1,0,0,0,0,0,0,0,0,0,0,1,0,0,0,0,0,0,0,0,1,0,0,0,0,0,0
2181,28.08,0.0,0.0,0,0,0,1,0,7640000.0,272079.7720797721,0.0,0,2019,11,2019.0,1,0,0,1,0,0,1,0,0,0,0,0,0,0,0,0,0,0,0,1,0,0,0,0,0,1,0,0,0,0,0,0,0,0,0,0,0,0,1,0,0,0,0
2185,13.94,72.0,101.4,3,2,2,1,0,13700000.0,135108.4812623274,0.0,0,2019,11,1947.0,2,1,0,1,1,0,1,0,0,0,0,0,0,0,0,0,1,0,0,0,0,0,0,0,0,0,0,1,0,0,0,0,0,0,0,0,0,0,1,0,0,0,0
2186,54.38,101.0,591.0,4,2,3,1,1,102000000.0,172588.83248730964,0.0,0,2019,10,1918.0,2,1,5,1,1,1,1,0,0,0,0,0,0,0,0,0,1,0,0,0,0,0,0,0,0,0,0,0,0,0,1,0,0,0,0,0,0,0,0,0,0,1,0
2345,120.79,84.0,304.22,4,2,3,1,1,33859573.0,111299.62855828018,123.76,0,2019,8,1935.0,1,3,4,1,1,1,1,0,0,0,0,0,0,0,0,0,1,0,0,0,0,0,0,0,0,0,0,1,0,0,0,0,0,0,0,0,0,0,0,0,0,1,0
2349,5.78,73.0,32.44,0,0,0,0,1,2150000.0,66276.20221948213,0.0,0,2019,11,1946.0,8,1,0,1,1,0,0,0,1,0,0,0,0,0,0,0,1,0,0,0,0,0,0,0,0,0,0,1,0,0,0,0,0,0,0,0,0,0,1,0,0,0,0
2351,12.15,98.0,127.86,1,1,1,1,1,16500000.0,129047.39558892536,46.01,1800000,2019,11,1921.0,1,1,1,1,1,1,0,0,1,0,0,0,0,0,0,0,1,0,0,0,0,0,0,0,0,0,0,1,0,0,0,0,0,0,0,0,0,0,0,0,0,1,0
2355,113.8,0.0,0.0,0,0,0,1,0,3020000.0,26537.785588752202,0.0,0,2019,11,2019.0,1,0,0,1,0,0,0,0,1,0,0,0,0,0,0,0,0,0,0,1,0,0,0,0,0,1,0,0,0,0,0,0,0,0,0,0,0,0,1,0,0,0,0
2356,32.75,67.0,90.29,3,1,1,1,0,4230000.0,46849.041975855565,0.0,0,2019,12,1952.0,1,1,0,1,1,0,1,0,0,0,0,0,0,0,0,0,1,0,0,0,0,0,0,0,0,0,0,1,0,0,0,0,0,0,0,0,0,0,1,0,0,0,0
2357,49.25,86.0,150.36,3,2,2,1,1,16880000.0,112263.89997339717,0.0,0,2019,10,1933.0,1,1,0,1,1,0,1,0,0,0,0,0,0,0,0,0,1,0,0,0,0,0,0,0,0,0,0,1,0,0,0,0,0,0,0,0,0,0,1,0,0,0,0
2358,12.45,97.0,121.82,2,1,1,1,1,14500000.0,119028.07420784766,40.01,0,2019,11,1922.0,3,1,1,1,1,1,1,0,0,0,0,0,0,0,0,0,1,0,0,0,0,0,0,0,0,0,0,1,0,0,0,0,0,0,0,0,0,0,0,0,0,1,0
2376,25.44,69.0,84.14,3,2,2,1,0,10800000.0,128357.49940575233,0.0,0,2019,8,1950.0,1,1,0,1,1,0,1,0,0,0,0,0,0,0,0,0,1,0,0,0,0,0,0,0,0,0,0,1,0,0,0,0,0,0,0,0,0,0,1,0,0,0,0
2379,2.73,94.0,24.880000000000006,1,1,1,1,1,4050000.0,162781.3504823151,0.0,0,2019,11,1925.0,1,1,0,1,1,0,0,0,1,0,0,0,0,0,0,0,0,0,0,1,0,0,0,0,0,0,0,1,0,0,0,0,0,0,0,0,0,0,1,0,0,0,0
2384,13.86,80.0,132.76,3,2,2,1,1,14880000.0,112081.9523952998,0.0,0,2019,11,1939.0,1,1,1,1,1,1,0,0,0,0,1,0,0,0,0,0,1,0,0,0,0,0,0,0,0,0,0,1,0,0,0,0,0,0,0,0,0,0,0,0,0,1,0
2387,19.17,107.0,136.48000000000002,2,2,1,1,1,20290000.0,148666.47127784288,50.04,2300000,2019,11,1912.0,1,1,1,1,1,1,1,0,0,0,0,0,0,0,0,0,1,0,0,0,0,0,0,0,0,0,0,1,0,0,0,0,0,0,0,0,0,0,0,0,0,1,0
2410,41.18,107.0,250.9,2,2,2,1,1,48050000.0,191510.56197688324,39.56,2900000,2019,10,1912.0,1,1,1,1,1,1,1,0,0,0,0,0,0,0,0,0,1,0,0,0,0,0,0,0,0,0,0,1,0,0,0,0,0,0,0,0,0,0,0,0,0,1,0
2412,25.13,98.0,207.86,4,2,2,1,1,40310000.0,193928.60579236023,0.0,0,2019,11,1921.0,2,1,1,1,1,1,0,0,0,0,1,0,0,0,0,0,1,0,0,0,0,0,0,0,0,0,0,1,0,0,0,0,0,0,0,0,0,0,0,0,0,1,0
2414,38.87,65.0,115.53,3,2,2,1,0,15000000.0,129836.40612827837,0.0,0,2019,10,1954.0,1,1,0,1,1,0,1,0,0,0,0,0,0,0,0,0,1,0,0,0,0,0,0,0,0,0,0,1,0,0,0,0,0,0,0,0,0,0,1,0,0,0,0
2415,30.58,69.0,106.14,4,2,2,1,0,9500000.0,89504.42811381194,0.0,0,2019,11,1950.0,9,1,0,1,1,0,1,0,0,0,0,0,0,0,0,0,1,0,0,0,0,0,0,0,0,0,0,1,0,0,0,0,0,0,0,0,0,0,1,0,0,0,0
2417,26.75,64.0,69.14,2,1,1,1,0,5250000.0,75932.88978883425,0.0,0,2019,11,1955.0,1,1,0,1,1,0,0,0,1,0,0,0,0,0,0,0,1,0,0,0,0,0,0,0,0,0,0,1,0,0,0,0,0,0,0,0,0,0,1,0,0,0,0
2418,144.67,104.0,176.32999999999996,3,2,2,1,1,31390000.0,178018.48806215622,15.31,2500000,2019,10,1915.0,4,2,1,1,1,1,1,0,0,0,0,0,0,0,0,0,1,0,0,0,0,0,0,0,0,0,0,1,0,0,0,0,0,0,0,0,0,0,0,0,0,1,0
2588,23.9,105.0,155.83,3,2,2,1,1,26930000.0,172816.53083488415,45.5,2880000,2019,12,1914.0,1,1,2,1,1,1,1,0,0,0,0,0,0,0,0,0,1,0,0,0,0,0,0,0,0,0,0,1,0,0,0,0,0,0,0,0,0,0,0,0,0,1,0
2592,33.7,69.0,131.78,4,2,2,1,0,18500000.0,140385.49096979815,0.0,0,2019,11,1950.0,7,1,0,1,1,0,1,0,0,0,0,0,0,0,0,0,1,0,0,0,0,0,0,0,0,0,0,1,0,0,0,0,0,0,0,0,0,0,1,0,0,0,0
2594,21.25,61.0,54.6,2,1,1,1,0,7750000.0,141941.39194139195,0.0,0,2019,11,1958.0,1,1,0,1,1,0,1,0,0,0,0,0,0,0,0,0,1,0,0,0,0,0,0,0,0,0,0,1,0,0,0,0,0,0,0,0,0,0,1,0,0,0,0
2595,129.5,0.0,0.0,0,0,0,1,0,5200000.0,40154.44015444016,0.0,0,2019,12,2019.0,1,0,0,1,0,0,0,0,1,0,0,0,0,0,0,0,0,0,0,1,0,0,0,0,0,1,0,0,0,0,0,0,0,0,0,0,0,0,1,0,0,0,0
2615,68.52,102.0,212.62,4,2,2,1,1,17000000.0,79954.84902643213,0.0,0,2014,3,1912.0,1,1,1,1,1,1,1,0,0,0,0,0,0,0,0,0,1,0,0,0,0,0,0,0,0,0,0,1,0,0,0,0,0,0,0,0,0,0,0,0,0,1,0
2616,100.73,91.0,270.91,4,2,3,1,1,34500000.0,127348.56594440961,41.43,2500000,2019,6,1928.0,1,1,1,1,1,1,1,0,0,0,0,0,0,0,0,0,1,0,0,0,0,0,0,0,0,0,0,1,0,0,0,0,0,0,0,0,0,0,0,0,0,1,0
2641,24.53,92.0,181.44,2,2,2,1,1,32950000.0,181602.73368606702,0.0,0,2019,12,1927.0,2,2,0,1,1,0,0,0,0,0,1,0,0,0,0,0,1,0,0,0,0,0,0,0,0,0,0,1,0,0,0,0,0,0,0,0,0,0,1,0,0,0,0
2642,29.25,73.0,98.91,3,2,2,1,0,13560000.0,137094.32817713072,0.0,0,2019,11,1946.0,1,1,0,1,1,0,1,0,0,0,0,0,0,0,0,0,1,0,0,0,0,0,0,0,0,0,0,1,0,0,0,0,0,0,0,0,0,0,1,0,0,0,0
2650,4.49,69.0,33.85,1,1,1,1,0,3250000.0,96011.81683899557,0.0,0,2019,11,1950.0,1,1,0,1,1,0,0,0,1,0,0,0,0,0,0,0,1,0,0,0,0,0,0,0,0,0,0,1,0,0,0,0,0,0,0,0,0,0,1,0,0,0,0
2772,8.08,70.0,39.34,1,1,1,1,0,3900000.0,99135.73970513472,0.0,0,2019,11,1949.0,1,1,0,1,1,0,1,0,0,0,0,0,0,0,0,0,1,0,0,0,0,0,0,0,0,0,0,1,0,0,0,0,0,0,0,0,0,0,1,0,0,0,0
2773,30.52,67.0,107.64,3,2,2,1,0,10780000.0,100148.6436269045,0.0,0,2019,9,1952.0,2,1,0,1,1,0,1,0,0,0,0,0,0,0,0,0,1,0,0,0,0,0,0,0,0,0,0,1,0,0,0,0,0,0,0,0,0,0,1,0,0,0,0
2774,12.89,87.0,109.39,3,1,2,1,1,13900000.0,127068.28777767619,0.0,0,2019,11,1932.0,1,1,0,1,1,0,0,0,1,0,0,0,0,0,0,0,1,0,0,0,0,0,0,0,0,0,0,1,0,0,0,0,0,0,0,0,0,0,1,0,0,0,0
2779,16.24,67.0,109.87,0,1,1,1,1,13000000.0,118321.65286247384,0.0,0,2019,11,1952.0,1,1,0,1,1,0,1,0,0,0,0,0,0,0,0,0,1,0,0,0,0,0,0,0,0,0,0,1,0,0,0,0,0,0,0,0,0,0,1,0,0,0,0
2782,47.42,0.0,0.0,0,0,0,1,0,1864200.0,39312.526360185584,0.0,0,2019,11,2019.0,1,0,0,1,0,0,0,1,0,0,0,0,0,0,0,0,0,0,0,1,0,0,0,0,0,1,0,0,0,0,0,0,0,0,0,0,0,0,1,0,0,0,0
2807,48.5,62.0,90.67,3,1,1,1,0,10500000.0,115804.56600860262,0.0,0,2019,11,1957.0,1,1,0,1,1,0,1,0,0,0,0,0,0,0,0,0,1,0,0,0,0,0,0,0,0,0,0,1,0,0,0,0,0,0,0,0,0,0,1,0,0,0,0
2808,12.91,84.0,45.96,1,1,1,1,1,7880000.0,171453.43777197562,0.0,0,2019,11,1935.0,1,1,0,1,1,0,1,0,0,0,0,0,0,0,0,0,1,0,0,0,0,0,0,0,0,0,0,1,0,0,0,0,0,0,0,0,0,0,1,0,0,0,0
2825,9.95,101.0,55.76,2,1,1,1,1,12600000.0,225968.4361549498,0.0,0,2019,11,1918.0,1,1,0,1,1,0,1,0,0,0,0,0,0,0,0,0,1,0,0,0,0,0,0,0,0,0,0,0,0,0,1,0,0,0,0,0,0,0,1,0,0,0,0
2962,44.36,108.0,251.33,3,2,2,1,0,42500000.0,169100.38594676324,42.69,2600000,2019,11,1911.0,1,1,1,1,1,1,1,0,0,0,0,0,0,0,0,0,1,0,0,0,0,0,0,0,0,0,0,1,0,0,0,0,0,0,0,0,0,0,0,0,0,1,0
2963,50.0,60.0,97.81,3,2,1,1,0,17000000.0,173806.3592679685,0.0,0,2019,10,1959.0,1,1,0,1,1,0,1,0,0,0,0,0,0,0,0,0,1,0,0,0,0,0,0,0,0,0,0,0,0,0,0,0,1,0,0,0,0,0,1,0,0,0,0
2965,38.52,69.0,215.0,3,2,2,1,1,32880000.0,152930.23255813954,0.0,0,2019,11,1950.0,2,1,1,1,1,1,1,0,0,0,0,0,0,0,0,0,1,0,0,0,0,0,0,0,0,0,0,1,0,0,0,0,0,0,0,0,0,0,0,0,0,1,0
2970,957.81,0.0,0.0,0,0,0,1,0,6000000.0,6264.290412503524,0.0,0,2019,12,2019.0,2,0,0,1,0,0,0,0,1,0,0,0,0,0,0,0,0,0,0,1,0,0,0,0,0,1,0,0,0,0,0,0,0,0,0,0,0,0,1,0,0,0,0
2972,14.07,94.0,86.52,2,2,2,1,1,16500000.0,190707.35090152567,6.66,0,2019,11,1925.0,1,1,1,1,1,1,1,0,0,0,0,0,0,0,0,0,0,0,0,1,0,0,0,0,0,0,0,1,0,0,0,0,0,0,0,0,0,0,0,0,1,0,0
2973,57.54,106.0,363.89,2,2,2,1,1,55600000.0,152793.426584957,73.58,3400000,2019,11,1913.0,1,1,2,1,1,1,1,0,0,0,0,0,0,0,0,0,1,0,0,0,0,0,0,0,0,0,0,1,0,0,0,0,0,0,0,0,0,0,0,0,0,1,0
2974,48.6,107.0,308.37,3,2,2,1,1,50500000.0,163764.30910918704,82.1,6000000,2019,11,1912.0,1,1,2,1,1,1,1,0,0,0,0,0,0,0,0,0,1,0,0,0,0,0,0,0,0,0,0,1,0,0,0,0,0,0,0,0,0,0,0,0,0,1,0
2983,123.0,61.0,158.62,4,3,2,1,0,23500000.0,148152.81805573063,0.0,0,2019,10,1958.0,1,1,0,1,1,0,1,0,0,0,0,0,0,0,0,0,1,0,0,0,0,0,0,0,0,0,0,0,0,0,0,0,1,0,0,0,0,0,1,0,0,0,0
3005,3.34,0.0,0.0,0,0,0,1,0,300000.0,89820.35928143712,0.0,0,2019,11,2019.0,4,0,0,1,0,0,1,0,0,0,0,0,0,0,0,0,0,0,0,1,0,0,0,0,0,1,0,0,0,0,0,0,0,0,0,0,0,0,1,0,0,0,0
3027,9.82,108.0,39.44,1,1,1,1,1,8980000.0,227687.6267748479,0.0,0,2019,10,1911.0,1,1,0,1,1,0,1,0,0,0,0,0,0,0,0,0,1,0,0,0,0,0,0,0,0,0,0,1,0,0,0,0,0,0,0,0,0,0,1,0,0,0,0
3030,2.03,95.0,88.05,0,0,0,1,1,4300000.0,48835.8886996025,88.04,4300000,2019,12,1924.0,0,0,4,0,0,1,1,0,0,0,0,0,0,0,0,0,0,0,0,1,0,0,0,0,0,0,0,1,0,0,0,0,0,0,0,0,0,0,0,0,1,0,0
3031,22.54,71.0,75.44,2,2,1,1,0,5800000.0,76882.29056203605,0.0,0,2019,11,1948.0,2,1,0,1,1,0,1,0,0,0,0,0,0,0,0,0,1,0,0,0,0,0,0,0,0,0,0,1,0,0,0,0,0,0,0,0,0,0,1,0,0,0,0
3152,37.75,65.0,95.61,3,2,2,1,0,17800000.0,186172.9944566468,0.0,0,2019,12,1954.0,1,1,0,1,1,0,1,0,0,0,0,0,0,0,0,0,1,0,0,0,0,0,0,0,0,0,0,1,0,0,0,0,0,0,0,0,0,0,1,0,0,0,0
3161,358.7,0.0,0.0,0,0,0,1,0,6550000.0,18260.384722609422,0.0,0,2019,12,2019.0,1,0,0,1,0,0,0,1,0,0,0,0,0,0,0,0,0,0,0,1,0,0,0,0,0,1,0,0,0,0,0,0,0,0,0,0,0,0,1,0,0,0,0
3164,7.77,104.0,48.64,1,1,1,1,1,7700000.0,158305.92105263154,0.0,0,2019,11,1915.0,1,1,0,1,1,0,0,0,0,0,0,1,0,0,0,0,0,0,0,1,0,0,0,0,0,0,0,1,0,0,0,0,0,0,0,0,0,0,1,0,0,0,0
3166,26.46,70.0,100.6,3,1,1,1,0,3000000.0,29821.07355864811,0.0,0,2019,12,1949.0,3,1,0,1,1,0,1,0,0,0,0,0,0,0,0,0,1,0,0,0,0,0,0,0,0,0,0,1,0,0,0,0,0,0,0,0,0,0,1,0,0,0,0
3167,18.34,85.0,53.09,1,1,1,1,1,8500000.0,160105.4812582407,0.0,0,2019,11,1934.0,1,1,0,1,1,0,1,0,0,0,0,0,0,0,0,0,1,0,0,0,0,0,0,0,0,0,0,1,0,0,0,0,0,0,0,0,0,0,1,0,0,0,0
3170,90.9,0.0,0.0,0,0,0,1,0,43997440.0,484020.2420242024,0.0,0,2019,10,2019.0,1,0,0,1,0,0,1,0,0,0,0,0,0,0,0,0,0,0,0,1,0,0,0,0,0,1,0,0,0,0,0,0,0,0,0,0,0,0,1,0,0,0,0
3171,320.52,0.0,0.0,0,0,0,1,0,128758930.0,401718.8630974666,0.0,0,2019,9,2019.0,1,0,0,1,0,0,1,0,0,0,0,0,0,0,0,0,0,0,0,1,0,0,0,0,0,1,0,0,0,0,0,0,0,0,0,0,0,0,1,0,0,0,0
3172,4.38,0.0,0.0,0,0,0,1,0,261450.0,59691.78082191781,0.0,0,2019,11,2019.0,1,0,0,1,0,0,0,0,1,0,0,0,0,0,0,0,0,0,0,1,0,0,0,0,0,1,0,0,0,0,0,0,0,0,0,0,0,0,1,0,0,0,0
3174,11.38,59.0,38.17,2,2,1,1,0,4200000.0,110034.05816085929,0.0,0,2019,11,1960.0,2,1,0,1,1,0,1,0,0,0,0,0,0,0,0,0,1,0,0,0,0,0,0,0,0,0,0,0,0,0,0,0,1,0,0,0,0,0,1,0,0,0,0
3194,49.61,68.0,146.12,4,3,2,1,0,15800000.0,108130.30385984122,0.0,0,2019,10,1951.0,1,1,0,1,1,0,1,0,0,0,0,0,0,0,0,0,1,0,0,0,0,0,0,0,0,0,0,1,0,0,0,0,0,0,0,0,0,0,1,0,0,0,0
3199,40.3,96.0,227.09,4,2,2,1,1,27220000.0,119864.3709542472,59.42,3000000,2019,11,1923.0,1,1,2,1,1,1,1,0,0,0,0,0,0,0,0,0,1,0,0,0,0,0,0,0,0,0,0,1,0,0,0,0,0,0,0,0,0,0,0,0,1,0,0
3232,20.55,108.0,89.38,2,2,1,1,1,13090000.0,146453.34526739764,0.0,0,2019,11,1911.0,1,1,0,1,1,0,1,0,0,0,0,0,0,0,0,0,1,0,0,0,0,0,0,0,0,0,0,1,0,0,0,0,0,0,0,0,0,0,1,0,0,0,0
3234,21.92,73.0,101.59,3,2,1,1,0,10700000.0,105325.32729599369,0.0,0,2019,10,1946.0,1,1,0,1,1,0,0,0,0,0,1,0,0,1,0,0,0,0,0,0,0,0,0,0,0,0,0,1,0,0,0,0,0,0,0,0,0,0,1,0,0,0,0
3237,0.0,97.0,273.59000000000003,3,2,2,1,1,15470000.0,56544.46434445703,59.94,0,2019,12,1922.0,0,1,2,0,1,0,0,0,0,1,0,0,0,0,0,0,1,0,0,0,0,0,0,0,0,0,0,1,0,0,0,0,0,0,0,0,0,0,0,0,0,1,0
3369,14.07,94.0,93.83,1,1,1,1,1,16400000.0,174784.1841628477,0.0,0,2019,11,1925.0,1,1,1,1,1,1,1,0,0,0,0,0,0,0,0,0,0,0,0,1,0,0,0,0,0,0,0,1,0,0,0,0,0,0,0,0,0,0,0,0,0,1,0
3375,21.71,74.0,111.6,3,2,2,1,1,20250000.0,181451.6129032258,0.0,0,2019,11,1945.0,1,1,0,1,1,0,1,0,0,0,0,0,0,0,0,0,1,0,0,0,0,0,0,0,0,0,0,1,0,0,0,0,0,0,0,0,0,0,1,0,0,0,0
3376,85.11,26.0,28.67,0,0,0,0,0,24000000.0,837111.9637251481,0.0,0,2019,12,1993.0,4,1,0,1,1,0,1,0,0,0,0,0,0,0,0,0,1,0,0,0,0,0,0,0,1,0,0,0,0,0,0,0,0,0,0,0,0,0,1,0,0,0,0
3377,14.19,26.0,4.78,0,0,0,0,0,4000000.0,836820.0836820083,0.0,0,2019,12,1993.0,4,1,0,1,1,0,1,0,0,0,0,0,0,0,0,0,1,0,0,0,0,0,0,0,1,0,0,0,0,0,0,0,0,0,0,0,0,0,1,0,0,0,0
3378,14.19,26.0,4.78,0,0,0,0,0,4000000.0,836820.0836820083,0.0,0,2019,12,1993.0,4,1,0,1,1,0,1,0,0,0,0,0,0,0,0,0,1,0,0,0,0,0,0,0,1,0,0,0,0,0,0,0,0,0,0,0,0,0,1,0,0,0,0
3379,19.0,74.0,131.51999999999998,3,2,2,1,0,13200000.0,100364.96350364963,0.0,0,2019,11,1945.0,2,1,0,1,1,0,1,0,0,0,0,0,0,0,0,0,1,0,0,0,0,0,0,0,0,0,0,1,0,0,0,0,0,0,0,0,0,0,1,0,0,0,0
3383,20.29,10.0,11.0,0,0,0,0,0,6140000.0,558181.8181818182,0.0,0,2019,12,2009.0,4,1,0,1,1,0,1,0,0,0,0,0,0,0,0,0,1,0,0,0,0,0,0,0,0,0,0,0,0,1,0,0,0,0,0,0,0,0,1,0,0,0,0
3389,25.25,64.0,87.57,3,2,1,1,0,18000000.0,205549.84583761566,0.0,0,2019,11,1955.0,1,1,0,1,1,0,0,0,0,0,1,0,0,1,0,0,0,0,0,0,0,0,0,0,0,0,0,1,0,0,0,0,0,0,0,0,0,0,1,0,0,0,0
3404,37.25,67.0,140.96,4,2,3,1,0,11500000.0,81583.42792281497,0.0,0,2019,11,1952.0,1,1,0,1,1,0,1,0,0,0,0,0,0,0,0,0,1,0,0,0,0,0,0,0,0,0,0,1,0,0,0,0,0,0,0,0,0,0,1,0,0,0,0
3405,15.02,102.0,213.97,3,2,2,1,1,44000000.0,205636.3041547881,45.98,2800000,2019,11,1917.0,1,1,1,1,1,1,0,0,0,0,1,0,0,0,0,0,0,0,0,1,0,0,0,0,0,0,0,1,0,0,0,0,0,0,0,0,0,0,0,0,0,1,0
3406,3.23,96.0,36.15,1,1,1,1,1,7430000.0,205532.50345781466,0.0,0,2019,11,1923.0,1,1,0,1,1,0,0,0,0,0,1,0,0,0,0,0,1,0,0,0,0,0,0,0,0,0,0,0,0,0,1,0,0,0,0,0,0,0,1,0,0,0,0
3408,8.87,75.0,56.5,1,1,1,1,0,5000000.0,88495.57522123892,0.0,0,2019,3,1944.0,1,1,0,1,1,0,1,0,0,0,0,0,0,0,0,0,1,0,0,0,0,0,0,0,0,0,0,1,0,0,0,0,0,0,0,0,0,0,1,0,0,0,0
3430,60.26,106.0,341.17,0,0,0,0,1,63870000.0,187208.72292405547,36.79,2100000,2019,10,1913.0,1,1,1,1,1,1,1,0,0,0,0,0,0,0,0,0,1,0,0,0,0,0,0,0,0,0,0,1,0,0,0,0,0,0,0,0,0,0,0,0,0,1,0
3431,56.26,106.0,320.5900000000001,0,0,0,0,1,59670000.0,186125.5809601048,36.79,2100000,2019,10,1913.0,1,1,1,1,1,1,1,0,0,0,0,0,0,0,0,0,1,0,0,0,0,0,0,0,0,0,0,1,0,0,0,0,0,0,0,0,0,0,0,0,0,1,0
3432,60.43,106.0,377.9500000000001,3,2,3,1,1,66320000.0,175472.94615689904,73.58,3600000,2019,10,1913.0,1,1,2,1,1,1,1,0,0,0,0,0,0,0,0,0,1,0,0,0,0,0,0,0,0,0,0,1,0,0,0,0,0,0,0,0,0,0,0,0,0,1,0
3433,53.79,106.0,308.89,0,0,0,0,1,50800000.0,164459.84007251775,36.79,2050000,2019,11,1913.0,1,1,1,1,1,1,1,0,0,0,0,0,0,0,0,0,1,0,0,0,0,0,0,0,0,0,0,1,0,0,0,0,0,0,0,0,0,0,0,0,0,1,0
3434,56.26,106.0,320.55,0,0,0,0,1,59660000.0,186117.61035719851,36.79,2100000,2019,10,1913.0,1,1,1,1,1,1,1,0,0,0,0,0,0,0,0,0,1,0,0,0,0,0,0,0,0,0,0,1,0,0,0,0,0,0,0,0,0,0,0,0,0,1,0
3438,33.43,102.0,148.14999999999995,3,2,2,1,1,17280000.0,116638.5420182248,0.0,0,2019,12,1917.0,1,1,1,1,1,1,1,0,0,0,0,0,0,0,0,0,1,0,0,0,0,0,0,0,0,0,0,1,0,0,0,0,0,0,0,0,0,0,0,0,0,0,1
3554,28.27,75.0,93.06,2,2,2,1,0,7300000.0,78444.01461422737,0.0,0,2019,11,1944.0,1,1,0,1,1,0,0,0,0,0,1,0,0,0,0,0,1,0,0,0,0,0,0,0,0,0,0,1,0,0,0,0,0,0,0,0,0,0,1,0,0,0,0
3555,523.83,0.0,0.0,0,0,0,1,0,18200000.0,34744.09636714201,0.0,0,2019,10,2019.0,3,0,0,1,0,0,0,1,0,0,0,0,0,0,0,0,0,0,0,1,0,0,0,0,0,1,0,0,0,0,0,0,0,0,0,0,0,0,1,0,0,0,0
3557,15.27,0.0,0.0,0,0,0,1,0,14000000.0,916830.38637852,0.0,0,2019,12,2019.0,1,0,0,1,0,0,0,0,0,0,1,0,0,0,0,0,0,0,0,1,0,0,0,0,0,1,0,0,0,0,0,0,0,0,0,0,0,0,1,0,0,0,0
3559,22.76,69.0,42.1,0,0,0,0,0,4700000.0,111638.95486935867,0.0,0,2019,11,1950.0,1,1,0,1,1,0,1,0,0,0,0,0,0,0,0,0,1,0,0,0,0,0,0,0,0,0,0,1,0,0,0,0,0,0,0,0,0,0,1,0,0,0,0
3561,13.27,87.0,40.61,1,1,1,1,1,5400000.0,132972.17434129526,0.0,0,2019,11,1932.0,1,1,0,1,1,0,1,0,0,0,0,0,0,0,0,0,1,0,0,0,0,0,0,0,0,0,0,1,0,0,0,0,0,0,0,0,0,0,1,0,0,0,0
3562,1164.52,0.0,0.0,0,0,0,1,0,50022000.0,42955.037268574175,0.0,0,2019,10,2019.0,3,0,0,1,0,0,0,1,0,0,0,0,0,0,0,0,0,0,0,1,0,0,0,0,0,1,0,0,0,0,0,0,0,0,0,0,0,0,1,0,0,0,0
3563,7.89,98.0,86.7,1,1,1,1,1,10600000.0,122260.66897347175,33.64,0,2019,11,1921.0,1,1,1,1,1,1,0,0,1,0,0,0,0,0,0,0,1,0,0,0,0,0,0,0,0,0,0,0,0,0,1,0,0,0,0,0,0,0,0,0,0,1,0
3572,141.07,104.0,172.24,3,2,2,1,1,29500000.0,171272.64282396654,15.31,2500000,2019,11,1915.0,4,2,1,1,1,1,1,0,0,0,0,0,0,0,0,0,1,0,0,0,0,0,0,0,0,0,0,1,0,0,0,0,0,0,0,0,0,0,0,0,0,1,0
3592,66.2,85.0,158.42,5,1,2,1,1,11000000.0,69435.67731347053,0.0,0,2019,11,1934.0,1,1,1,1,1,1,1,0,0,0,0,0,0,0,0,0,1,0,0,0,0,0,0,0,0,0,0,1,0,0,0,0,0,0,0,0,0,0,0,0,0,1,0
3593,24.8,62.0,26.88,2,2,2,1,0,10000000.0,372023.8095238095,0.0,0,2019,10,1957.0,1,1,0,1,1,0,1,0,0,0,0,0,0,0,0,0,1,0,0,0,0,0,0,0,0,0,0,0,0,0,0,0,1,0,0,0,0,0,1,0,0,0,0
3594,33.8,66.0,102.96,6,3,3,1,0,11800000.0,114607.61460761461,0.0,0,2019,11,1953.0,1,1,0,1,1,0,1,0,0,0,0,0,0,0,0,0,1,0,0,0,0,0,0,0,0,0,0,1,0,0,0,0,0,0,0,0,0,0,1,0,0,0,0
3595,32.5,62.0,109.63,3,2,2,1,0,14800000.0,134999.54392045972,0.0,0,2019,12,1957.0,1,1,0,1,1,0,1,0,0,0,0,0,0,0,0,0,1,0,0,0,0,0,0,0,0,0,0,1,0,0,0,0,0,0,0,0,0,0,1,0,0,0,0
3596,29.62,0.0,0.0,0,0,0,1,0,7616043.0,257125.01688048613,0.0,0,2019,12,2019.0,2,0,0,1,0,0,1,0,0,0,0,0,0,0,0,0,0,0,0,1,0,0,0,0,0,1,0,0,0,0,0,0,0,0,0,0,0,0,1,0,0,0,0
3597,5.75,0.0,0.0,0,0,0,1,0,2213750.0,385000.0,0.0,0,2019,12,2019.0,1,0,0,1,0,0,1,0,0,0,0,0,0,0,0,0,0,0,0,1,0,0,0,0,0,1,0,0,0,0,0,0,0,0,0,0,0,0,1,0,0,0,0
3616,19.12,0.0,0.0,0,0,0,1,0,5361000.0,280387.0292887029,0.0,0,2019,12,2019.0,2,0,0,1,0,0,0,0,0,0,1,0,0,0,0,0,0,0,0,1,0,0,0,0,0,1,0,0,0,0,0,0,0,0,0,0,0,0,1,0,0,0,0
3617,9.35,102.0,146.10000000000005,2,1,1,1,1,27080000.0,185352.49828884323,45.98,0,2019,12,1917.0,1,1,1,1,1,1,0,0,0,0,1,0,0,0,0,0,0,0,0,1,0,0,0,0,0,0,0,1,0,0,0,0,0,0,0,0,0,0,0,0,0,1,0
3621,415.87,0.0,0.0,0,0,0,1,0,22000000.0,52901.14699305072,0.0,0,2019,11,2019.0,1,0,0,1,0,0,0,0,1,0,0,0,0,0,0,0,0,0,0,1,0,0,0,0,0,1,0,0,0,0,0,0,0,0,0,0,0,0,1,0,0,0,0
3623,23.11,70.0,160.83,4,2,2,1,1,16600000.0,103214.57439532423,0.0,0,2019,11,1949.0,2,1,0,1,1,0,1,0,0,0,0,0,0,0,0,0,1,0,0,0,0,0,0,0,0,0,0,1,0,0,0,0,0,0,0,0,0,0,1,0,0,0,0
3626,14.73,72.0,48.29,4,1,1,1,0,4500000.0,93186.99523710912,0.0,0,2019,12,1947.0,3,1,0,1,1,0,1,0,0,0,0,0,0,0,0,0,0,1,0,0,0,0,0,0,0,0,0,1,0,0,0,0,0,0,0,0,0,0,1,0,0,0,0
3627,14.73,72.0,47.93,4,1,1,1,0,4500000.0,93886.91842269976,0.0,0,2019,12,1947.0,3,1,0,1,1,0,1,0,0,0,0,0,0,0,0,0,1,0,0,0,0,0,0,0,0,0,0,1,0,0,0,0,0,0,0,0,0,0,1,0,0,0,0
3707,14.05,87.0,68.5,0,0,0,0,1,6150000.0,89781.02189781023,0.0,0,2019,12,1932.0,1,1,1,1,1,1,1,0,0,0,0,0,0,0,0,0,1,0,0,0,0,0,0,0,0,0,0,1,0,0,0,0,0,0,0,0,1,0,0,0,0,0,0
3709,44.97,102.0,195.34,3,2,2,1,1,32000000.0,163816.93457561178,0.0,0,2019,12,1917.0,2,1,0,1,1,0,1,0,0,0,0,0,0,0,0,0,1,0,0,0,0,0,0,0,0,0,0,1,0,0,0,0,0,0,0,0,0,0,1,0,0,0,0
3710,29.58,73.0,110.76,3,2,2,1,1,11000000.0,99313.83170819789,0.0,0,2019,12,1946.0,1,1,0,1,1,0,1,0,0,0,0,0,0,0,0,0,1,0,0,0,0,0,0,0,0,0,0,1,0,0,0,0,0,0,0,0,0,0,1,0,0,0,0
3712,4.8,97.0,23.94,1,1,1,1,1,3088888.0,129026.23224728489,0.0,0,2019,12,1922.0,1,1,0,1,1,0,1,0,0,0,0,0,0,0,0,0,1,0,0,0,0,0,0,0,0,0,0,1,0,0,0,0,0,0,0,0,0,0,1,0,0,0,0
3715,141.14,103.0,243.33,0,0,0,0,1,42300000.0,173837.99778079154,35.21,2900000,2019,9,1916.0,1,1,1,1,1,1,0,0,1,0,0,0,0,0,0,0,1,0,0,0,0,0,0,0,0,0,0,1,0,0,0,0,0,0,0,0,0,0,0,0,0,1,0
3721,19.75,66.0,88.81,0,0,0,0,1,8890000.0,100101.33993919604,0.0,0,2019,11,1953.0,1,1,0,1,1,0,0,0,1,0,0,0,0,0,0,0,1,0,0,0,0,0,0,0,0,0,0,1,0,0,0,0,0,0,0,0,0,0,1,0,0,0,0
3722,27.39,106.0,399.32,0,0,0,0,1,92800000.0,232395.071621757,56.74,4000000,2019,11,1913.0,1,1,2,1,1,1,1,0,0,0,0,0,0,0,0,0,1,0,0,0,0,0,0,0,0,0,0,0,0,1,0,0,0,0,0,0,0,0,0,0,0,1,0
3723,76.0,57.0,63.19,3,2,2,1,0,23500000.0,371894.2870707391,0.0,0,2019,12,1962.0,1,1,0,1,1,0,1,0,0,0,0,0,0,0,0,0,1,0,0,0,0,0,0,0,0,0,0,0,0,0,0,0,1,0,0,0,0,0,1,0,0,0,0
3737,349.98,0.0,0.0,0,0,0,1,1,59076624.0,168800.0,0.0,0,2019,11,2019.0,2,0,0,1,0,0,0,0,1,0,0,0,0,0,0,0,0,0,0,1,0,0,0,0,0,1,0,0,0,0,0,0,0,0,0,0,0,0,1,0,0,0,0
3740,3.49,70.0,27.520000000000003,1,1,1,1,1,2080000.0,75581.39534883719,0.0,0,2019,11,1949.0,1,1,0,1,1,0,0,0,1,0,0,0,0,0,0,0,1,0,0,0,0,0,0,0,0,0,0,1,0,0,0,0,0,0,0,0,0,0,1,0,0,0,0
3756,39.58,107.0,245.48,3,2,2,1,1,44350000.0,180666.44940524682,39.56,2800000,2019,10,1912.0,1,1,1,1,1,1,1,0,0,0,0,0,0,0,0,0,1,0,0,0,0,0,0,0,0,0,0,1,0,0,0,0,0,0,0,0,0,0,0,0,0,1,0
3757,35.18,107.0,207.21,3,2,2,1,1,36850000.0,177838.90738863952,36.41,2650000,2019,10,1912.0,1,1,1,1,1,1,1,0,0,0,0,0,0,0,0,0,1,0,0,0,0,0,0,0,0,0,0,1,0,0,0,0,0,0,0,0,0,0,0,0,0,1,0
3759,22.5,70.0,159.12,3,1,1,1,1,14000000.0,87983.91151332328,0.0,0,2019,12,1949.0,1,1,0,1,1,0,0,0,1,0,0,0,0,0,0,0,1,0,0,0,0,0,0,0,0,0,0,1,0,0,0,0,0,0,0,0,0,0,1,0,0,0,0
3765,14.57,88.0,149.85,3,2,2,1,1,19800000.0,132132.13213213213,0.0,0,2019,12,1931.0,1,1,1,1,1,1,0,0,1,0,0,0,0,1,0,0,0,0,0,0,0,0,0,0,0,0,0,1,0,0,0,0,0,0,0,0,0,0,0,0,0,1,0
3766,34.4,74.0,128.35,3,2,2,1,1,13500000.0,105181.14530580443,0.0,0,2019,12,1945.0,1,1,0,1,1,0,1,0,0,0,0,0,0,0,0,0,1,0,0,0,0,0,0,0,0,0,0,1,0,0,0,0,0,0,0,0,0,0,1,0,0,0,0
3770,13.67,63.0,29.85,0,0,0,0,0,4600000.0,154103.85259631491,0.0,0,2019,11,1956.0,1,1,0,1,1,0,1,0,0,0,0,0,0,0,0,0,1,0,0,0,0,0,0,0,0,0,0,0,0,0,0,0,1,0,0,0,0,0,1,0,0,0,0
3771,13.67,63.0,29.85,0,0,0,0,0,4600000.0,154103.85259631491,0.0,0,2019,11,1956.0,1,1,0,1,1,0,1,0,0,0,0,0,0,0,0,0,1,0,0,0,0,0,0,0,0,0,0,0,0,0,0,0,1,0,0,0,0,0,1,0,0,0,0
3774,48.81,79.0,250.44,5,2,3,1,1,38800000.0,154927.32790289092,0.0,0,2019,12,1940.0,1,1,1,1,1,1,1,0,0,0,0,0,0,0,0,0,1,0,0,0,0,0,0,0,0,0,0,1,0,0,0,0,0,0,0,0,0,0,0,0,0,1,0
3872,37.75,62.0,109.2,5,0,2,1,0,15300000.0,140109.8901098901,0.0,0,2019,12,1957.0,1,1,0,1,1,0,1,0,0,0,0,0,0,0,0,0,1,0,0,0,0,0,0,0,0,0,0,1,0,0,0,0,0,0,0,0,0,0,1,0,0,0,0
3873,11.23,83.0,41.72,1,1,1,1,1,6450000.0,154602.10930009588,0.0,0,2019,12,1936.0,4,1,0,1,1,0,1,0,0,0,0,0,0,0,0,0,1,0,0,0,0,0,0,0,0,0,0,1,0,0,0,0,0,0,0,0,0,0,1,0,0,0,0
3875,41.5,62.0,122.68,4,2,2,1,0,17500000.0,142647.53831105313,0.0,0,2019,11,1957.0,1,1,0,1,1,0,1,0,0,0,0,0,0,0,0,0,1,0,0,0,0,0,0,0,0,0,0,1,0,0,0,0,0,0,0,0,0,0,1,0,0,0,0
3877,32.25,62.0,82.46,3,2,1,1,0,13360000.0,162017.94809604654,0.0,0,2019,11,1957.0,1,1,0,1,1,0,1,0,0,0,0,0,0,0,0,0,1,0,0,0,0,0,0,0,0,0,0,1,0,0,0,0,0,0,0,0,0,0,1,0,0,0,0
3878,16.2,66.0,77.57,3,2,2,1,0,7850000.0,101198.91710712905,0.0,0,2019,11,1953.0,1,1,0,1,1,0,1,0,0,0,0,0,0,0,0,0,1,0,0,0,0,0,0,0,0,0,0,1,0,0,0,0,0,0,0,0,0,0,1,0,0,0,0
3880,23.21,74.0,158.47000000000003,2,1,1,1,1,24300000.0,153341.32643402534,0.0,0,2019,11,1945.0,1,1,0,1,1,0,1,0,0,0,0,0,0,0,0,0,1,0,0,0,0,0,0,0,0,0,0,1,0,0,0,0,0,0,0,0,0,0,1,0,0,0,0
3885,330.58,0.0,0.0,0,0,0,1,0,10000000.0,30249.86387561256,0.0,0,2019,12,2019.0,1,0,0,1,0,0,0,1,0,0,0,0,0,0,0,0,0,0,0,1,0,0,0,0,0,1,0,0,0,0,0,0,0,0,0,0,0,0,1,0,0,0,0
3888,12.94,86.0,105.24,3,1,1,1,1,15400000.0,146332.19308247813,0.0,0,2019,10,1933.0,1,1,0,1,1,0,0,0,1,0,0,0,0,1,0,0,0,0,0,0,0,0,0,0,0,0,0,1,0,0,0,0,0,0,0,0,0,0,1,0,0,0,0
3904,44.04,102.0,191.22,3,2,2,1,1,22700000.0,118711.4318585922,0.0,0,2019,11,1917.0,2,1,1,1,1,1,1,0,0,0,0,0,0,0,0,0,1,0,0,0,0,0,0,0,0,0,0,1,0,0,0,0,0,0,0,0,0,0,0,0,0,1,0
3906,38.17,70.0,118.68,3,2,2,1,0,14200000.0,119649.47758678801,0.0,0,2019,11,1949.0,4,1,0,1,1,0,1,0,0,0,0,0,0,0,0,0,1,0,0,0,0,0,0,0,0,0,0,1,0,0,0,0,0,0,0,0,0,0,1,0,0,0,0
3907,48.0,59.0,78.2,3,1,1,1,0,9000000.0,115089.51406649615,0.0,0,2019,12,1960.0,1,1,0,1,1,0,1,0,0,0,0,0,0,0,0,0,1,0,0,0,0,0,0,0,0,0,0,0,0,0,0,0,1,0,0,0,0,0,1,0,0,0,0
3929,159.76,100.0,496.7,4,2,2,1,1,62000000.0,124823.83732635394,65.92,0,2019,11,1919.0,1,1,2,1,1,1,1,0,0,0,0,0,0,0,0,0,1,0,0,0,0,0,0,0,0,0,0,1,0,0,0,0,0,0,0,0,0,0,0,0,0,1,0
3942,0.43,101.0,32.96,0,0,0,1,1,2000000.0,60679.611650485436,32.96,2000000,2019,11,1918.0,0,0,1,0,0,1,1,0,0,0,0,0,0,0,0,0,0,0,0,1,0,0,0,0,0,0,0,1,0,0,0,0,0,0,0,0,0,0,0,0,0,1,0
3945,42.0,61.0,100.78,3,2,2,1,0,13800000.0,136931.9309386783,0.0,0,2019,12,1958.0,1,1,0,1,1,0,1,0,0,0,0,0,0,0,0,0,1,0,0,0,0,0,0,0,0,0,0,1,0,0,0,0,0,0,0,0,0,0,1,0,0,0,0
3946,31.0,59.0,106.02,3,2,2,1,0,14850000.0,140067.9117147708,0.0,0,2019,12,1960.0,1,1,0,1,1,0,1,0,0,0,0,0,0,0,0,0,1,0,0,0,0,0,0,0,0,0,0,0,0,0,0,0,1,0,0,0,0,0,1,0,0,0,0
3947,31.0,0.0,0.0,0,0,0,1,1,7986704.0,257635.61290322585,0.0,0,2019,12,2019.0,2,0,0,1,0,0,1,0,0,0,0,0,0,0,0,0,0,0,0,1,0,0,0,0,0,1,0,0,0,0,0,0,0,0,0,0,0,0,1,0,0,0,0
3949,19.25,63.0,70.8,0,0,0,0,0,30000000.0,423728.8135593221,0.0,0,2019,12,1956.0,1,1,0,1,1,0,0,0,0,0,1,0,0,0,0,0,1,0,0,0,0,0,0,0,0,0,0,1,0,0,0,0,0,0,0,0,0,0,1,0,0,0,0
4077,36.6,82.0,118.05,3,2,2,1,1,18680000.0,158238.03473104618,0.0,0,2019,11,1937.0,1,1,0,1,1,0,1,0,0,0,0,0,0,0,0,0,1,0,0,0,0,0,0,0,0,0,0,1,0,0,0,0,0,0,0,0,0,0,1,0,0,0,0
4078,22.38,108.0,94.63,2,1,1,1,1,13600000.0,143717.6371129663,0.0,0,2019,11,1911.0,1,1,0,1,1,0,1,0,0,0,0,0,0,0,0,0,0,0,0,1,0,0,0,0,0,0,0,1,0,0,0,0,0,0,0,0,0,0,1,0,0,0,0
4089,88.58,83.0,232.97,3,2,2,1,1,15500000.0,66532.1715242306,0.0,0,2019,11,1936.0,2,2,1,1,1,1,1,0,0,0,0,0,0,0,0,0,1,0,0,0,0,0,0,0,0,0,0,1,0,0,0,0,0,0,0,0,0,0,0,0,0,1,0
4119,2224.25,0.0,0.0,0,0,0,1,0,40370000.0,18149.938181409463,0.0,0,2019,12,2019.0,1,0,0,1,0,0,0,1,0,0,0,0,0,0,0,0,0,0,0,1,0,0,0,0,0,1,0,0,0,0,0,0,0,0,0,0,0,0,1,0,0,0,0
4122,15.19,70.0,67.89,3,2,2,1,0,4380000.0,64516.12903225807,0.0,0,2019,12,1949.0,3,1,0,1,1,0,0,0,0,0,1,0,0,0,0,0,1,0,0,0,0,0,0,0,0,0,0,1,0,0,0,0,0,0,0,0,0,0,1,0,0,0,0
4123,21.16,69.0,116.84,3,2,2,1,1,10000000.0,85587.12769599452,0.0,0,2020,1,1951.0,2,2,1,1,1,1,1,0,0,0,0,0,0,0,0,0,1,0,0,0,0,0,0,0,0,0,0,1,0,0,0,0,0,0,0,0,0,0,0,0,0,1,0
4124,13.74,100.0,88.80000000000003,2,1,1,1,1,12200000.0,137387.38738738734,18.0,1200000,2019,11,1919.0,1,1,1,1,1,1,1,0,0,0,0,0,0,0,0,0,1,0,0,0,0,0,0,0,0,0,0,1,0,0,0,0,0,0,0,0,0,0,0,0,0,0,1
4147,38.72,107.0,184.31,3,2,2,1,1,21480000.0,116542.781183875,47.62,0,2019,12,1912.0,1,1,1,1,1,1,1,0,0,0,0,0,0,0,0,0,1,0,0,0,0,0,0,0,0,0,0,1,0,0,0,0,0,0,0,0,0,0,0,0,0,1,0
4161,21.27,71.0,71.5,2,2,1,1,0,5500000.0,76923.07692307692,0.0,0,2019,12,1948.0,2,1,0,1,1,0,1,0,0,0,0,0,0,0,0,0,1,0,0,0,0,0,0,0,0,0,0,1,0,0,0,0,0,0,0,0,0,0,1,0,0,0,0
4162,27.11,75.0,100.86,3,2,2,1,0,13350000.0,132361.68947055325,0.0,0,2019,12,1944.0,1,1,0,1,1,0,1,0,0,0,0,0,0,0,0,0,1,0,0,0,0,0,0,0,0,0,0,1,0,0,0,0,0,0,0,0,0,0,1,0,0,0,0
4163,2.09,92.0,32.29,0,0,0,1,1,2000000.0,61938.68070610097,32.29,2000000,2019,12,1927.0,0,0,1,0,0,1,0,0,0,0,1,0,0,0,0,0,0,0,0,1,0,0,0,0,0,0,0,0,0,1,0,0,0,0,0,0,0,0,0,0,0,1,0
4289,11.6,98.0,71.77000000000002,1,1,1,1,1,8400000.0,117040.54618921553,0.0,0,2019,12,1921.0,1,1,0,1,1,0,0,0,1,0,0,0,0,0,0,0,1,0,0,0,0,0,0,0,0,0,0,1,0,0,0,0,0,0,0,0,0,0,1,0,0,0,0
4290,9.98,71.0,57.56,0,0,0,0,1,3800000.0,66018.0681028492,0.0,0,2019,12,1948.0,2,1,0,1,1,0,1,0,0,0,0,0,0,0,0,0,1,0,0,0,0,0,0,0,0,0,0,1,0,0,0,0,0,0,0,0,0,0,1,0,0,0,0
4291,37.76,64.0,107.8,1,2,2,1,0,11000000.0,102040.81632653062,0.0,0,2019,12,1955.0,1,1,0,1,1,0,0,0,1,0,0,0,0,0,0,0,1,0,0,0,0,0,0,0,0,0,0,1,0,0,0,0,0,0,0,0,0,0,1,0,0,0,0
4293,23.64,84.0,70.24,2,2,1,1,1,7600000.0,108200.45558086563,0.0,0,2019,12,1935.0,4,1,0,1,1,0,1,0,0,0,0,0,0,0,0,0,1,0,0,0,0,0,0,0,0,0,0,1,0,0,0,0,0,0,0,0,0,0,1,0,0,0,0
4294,93.5,62.0,73.24,4,3,2,1,0,10800000.0,147460.4041507373,0.0,0,2019,12,1957.0,2,1,0,1,1,0,1,0,0,0,0,0,0,0,0,0,1,0,0,0,0,0,0,0,0,0,0,0,0,0,0,0,1,0,0,0,0,0,1,0,0,0,0
4296,56.29,106.0,320.89,0,0,0,0,1,53980000.0,168219.63912867339,36.79,2000000,2019,11,1913.0,1,1,1,1,1,1,1,0,0,0,0,0,0,0,0,0,1,0,0,0,0,0,0,0,0,0,0,1,0,0,0,0,0,0,0,0,0,0,0,0,0,1,0
4298,18.38,108.0,88.13,2,2,1,1,1,18880000.0,214228.97991603316,0.0,0,2019,12,1911.0,1,1,0,1,1,0,1,0,0,0,0,0,0,0,0,0,1,0,0,0,0,0,0,0,0,0,0,1,0,0,0,0,0,0,0,0,0,0,1,0,0,0,0
4299,21.2,66.0,77.27,3,2,2,1,0,6880000.0,89038.43665070533,0.0,0,2019,12,1953.0,1,1,0,1,1,0,1,0,0,0,0,0,0,0,0,0,1,0,0,0,0,0,0,0,0,0,0,1,0,0,0,0,0,0,0,0,0,0,1,0,0,0,0
4300,23.0,61.0,54.59,2,2,1,1,0,9300000.0,170360.87195457044,0.0,0,2019,12,1958.0,1,1,0,1,1,0,0,0,0,0,1,0,0,0,0,0,1,0,0,0,0,0,0,0,0,0,0,1,0,0,0,0,0,0,0,0,0,0,1,0,0,0,0
4304,101.01,0.0,0.0,0,0,0,1,0,11000000.0,108900.10890010891,0.0,0,2019,11,2019.0,1,0,0,1,0,0,1,0,0,0,0,0,0,0,0,0,0,0,0,1,0,0,0,0,0,1,0,0,0,0,0,0,0,0,0,0,0,0,1,0,0,0,0
4312,42.71,62.0,134.88,3,2,2,1,0,15330000.0,113656.58362989324,0.0,0,2019,11,1957.0,1,1,0,1,1,0,1,0,0,0,0,0,0,0,0,0,1,0,0,0,0,0,0,0,0,0,0,1,0,0,0,0,0,0,0,0,0,0,1,0,0,0,0
4336,18.27,67.0,69.1,1,2,1,1,0,6150000.0,89001.44717800288,0.0,0,2019,12,1952.0,2,1,0,1,1,0,0,0,0,0,1,0,0,0,0,0,1,0,0,0,0,0,0,0,0,0,0,1,0,0,0,0,0,0,0,0,0,0,1,0,0,0,0
4341,46.4,67.0,143.4,3,3,2,1,0,35800000.0,249651.3249651325,0.0,0,2019,11,1952.0,2,1,0,1,1,0,1,0,0,0,0,0,0,0,0,0,1,0,0,0,0,0,0,0,0,0,0,1,0,0,0,0,0,0,0,0,0,0,1,0,0,0,0
4344,31.8,68.0,106.57,3,2,2,1,0,8000000.0,75068.03040255232,0.0,0,2019,12,1951.0,3,1,0,1,1,0,1,0,0,0,0,0,0,0,0,0,1,0,0,0,0,0,0,0,0,0,0,1,0,0,0,0,0,0,0,0,0,0,1,0,0,0,0
4360,24.5,64.0,62.79,2,1,1,1,0,8000000.0,127408.82306099698,0.0,0,2019,12,1955.0,1,1,0,1,1,0,1,0,0,0,0,0,0,0,0,0,1,0,0,0,0,0,0,0,0,0,0,1,0,0,0,0,0,0,0,0,0,0,1,0,0,0,0
4371,11.76,0.0,0.0,0,0,0,1,0,1450000.0,123299.31972789115,0.0,0,2019,12,2019.0,1,0,0,1,0,0,0,0,1,0,0,0,0,0,0,0,0,0,0,1,0,0,0,0,0,1,0,0,0,0,0,0,0,0,0,0,0,0,1,0,0,0,0
4372,33.4,107.0,152.53,3,2,2,1,1,29700000.0,194715.79361437092,20.44,2000000,2019,11,1912.0,1,1,1,1,1,1,1,0,0,0,0,0,0,0,0,0,0,0,0,1,0,0,0,0,0,0,0,1,0,0,0,0,0,0,0,0,1,0,0,0,0,0,0
4373,21.81,107.0,105.54,2,1,1,1,1,20710000.0,196228.91794580253,20.44,2000000,2019,12,1912.0,1,1,1,1,1,1,1,0,0,0,0,0,0,0,0,0,0,0,0,1,0,0,0,0,0,0,0,1,0,0,0,0,0,0,0,0,1,0,0,0,0,0,0
4374,12.03,74.0,103.68,3,2,2,1,1,17000000.0,163966.04938271607,0.0,0,2019,12,1945.0,1,1,0,1,1,0,0,0,0,0,1,0,0,1,0,0,0,0,0,0,0,0,0,0,0,0,0,1,0,0,0,0,0,0,0,0,0,0,1,0,0,0,0
4520,43.02,0.0,0.0,0,0,0,1,0,390000.0,9065.55090655509,0.0,0,2020,1,2020.0,1,0,0,1,0,0,0,0,1,0,0,0,0,0,0,0,0,0,0,1,0,0,0,0,0,1,0,0,0,0,0,0,0,0,0,0,0,0,1,0,0,0,0
4522,35.0,0.0,0.0,0,0,0,1,0,2500000.0,71428.57142857142,0.0,0,2020,1,2020.0,1,0,0,1,0,0,1,0,0,0,0,0,0,0,0,0,0,0,0,1,0,0,0,0,0,1,0,0,0,0,0,0,0,0,0,0,0,0,1,0,0,0,0
4524,8.63,94.0,43.92,1,1,1,1,1,5850000.0,133196.72131147538,0.0,0,2019,12,1925.0,2,1,0,1,1,0,1,0,0,0,0,0,0,0,0,0,1,0,0,0,0,0,0,0,0,0,0,1,0,0,0,0,0,0,0,0,0,0,1,0,0,0,0
4525,45.75,61.0,121.02,3,1,1,1,0,23000000.0,190051.2312014543,0.0,0,2019,11,1958.0,1,1,0,1,1,0,1,0,0,0,0,0,0,0,0,0,1,0,0,0,0,0,0,0,0,0,0,1,0,0,0,0,0,0,0,0,0,0,1,0,0,0,0
4526,22.75,61.0,66.42,2,1,1,1,0,9000000.0,135501.35501355014,0.0,0,2019,11,1958.0,1,1,0,1,1,0,1,0,0,0,0,0,0,0,0,0,1,0,0,0,0,0,0,0,0,0,0,1,0,0,0,0,0,0,0,0,0,0,1,0,0,0,0
4537,115.81,0.0,0.0,0,0,0,1,0,40000000.0,345393.316639323,0.0,0,2019,12,2019.0,2,0,0,1,0,0,1,0,0,0,0,0,0,0,0,0,0,0,0,1,0,0,0,0,0,1,0,0,0,0,0,0,0,0,0,0,0,0,1,0,0,0,0
4538,30.07,69.0,161.63,4,2,2,1,1,26680000.0,165068.36602115945,0.0,0,2019,12,1950.0,2,1,0,1,1,0,1,0,0,0,0,0,0,0,0,0,1,0,0,0,0,0,0,0,0,0,0,1,0,0,0,0,0,0,0,0,0,0,1,0,0,0,0
4539,68.06,62.0,52.92,8,0,3,1,0,30880000.0,583522.2978080121,0.0,0,2019,12,1957.0,5,1,0,1,1,0,1,0,0,0,0,0,0,0,0,0,1,0,0,0,0,0,0,0,0,0,0,1,0,0,0,0,0,0,0,0,0,0,1,0,0,0,0
4558,14.93,107.0,191.78,3,2,2,1,1,43000000.0,224215.24663677134,38.94,2500000,2019,11,1912.0,1,1,1,1,1,1,0,0,0,0,1,0,0,0,0,0,0,0,0,1,0,0,0,0,0,0,0,0,0,1,0,0,0,0,0,0,0,0,0,0,0,1,0
4560,26.39,71.0,80.91,3,1,1,1,0,2196194.0,27143.66580150785,0.0,0,2019,12,1948.0,1,1,0,1,1,0,1,0,0,0,0,0,0,0,0,0,1,0,0,0,0,0,0,0,0,0,0,1,0,0,0,0,0,0,0,0,0,0,1,0,0,0,0
4562,17.52,107.0,221.35,3,2,2,1,1,55000000.0,248475.26541676075,38.94,2700000,2019,11,1912.0,1,1,1,1,1,1,0,0,0,0,1,0,0,0,0,0,0,0,0,1,0,0,0,0,0,0,0,0,0,1,0,0,0,0,0,0,0,0,0,0,0,1,0
4580,33.72,73.0,123.88,4,2,2,1,0,16150000.0,130368.0981595092,0.0,0,2019,12,1946.0,1,1,0,1,1,0,1,0,0,0,0,0,0,0,0,0,1,0,0,0,0,0,0,0,0,0,0,1,0,0,0,0,0,0,0,0,0,0,1,0,0,0,0
4590,34.94,69.0,118.51,3,2,2,1,0,13850000.0,116867.77487131886,0.0,0,2019,11,1950.0,1,1,0,1,1,0,1,0,0,0,0,0,0,0,0,0,0,0,1,0,0,0,0,0,0,0,0,1,0,0,0,0,0,0,0,0,0,0,1,0,0,0,0
4591,82.17,0.0,0.0,0,0,0,1,0,3230500.0,39314.835097967625,0.0,0,2020,1,2020.0,1,0,0,1,0,0,0,1,0,0,0,0,0,0,0,0,0,0,0,1,0,0,0,0,0,1,0,0,0,0,0,0,0,0,0,0,0,0,1,0,0,0,0
4592,50.75,65.0,113.4,3,2,3,1,0,18500000.0,163139.32980599647,0.0,0,2019,12,1954.0,1,1,0,1,1,0,1,0,0,0,0,0,0,0,0,0,1,0,0,0,0,0,0,0,0,0,0,1,0,0,0,0,0,0,0,0,0,0,1,0,0,0,0
4594,29.12,94.0,182.36,4,2,2,1,1,20700000.0,113511.73502961175,29.74,0,2020,1,1926.0,1,1,1,1,1,1,0,0,0,0,1,0,0,0,0,0,1,0,0,0,0,0,0,0,0,0,0,1,0,0,0,0,0,0,0,0,0,1,0,0,0,0,0
4754,29.47,69.0,105.98,3,2,2,1,0,12000000.0,113228.91111530474,0.0,0,2019,12,1950.0,2,1,0,1,1,0,1,0,0,0,0,0,0,0,0,0,1,0,0,0,0,0,0,0,0,0,0,1,0,0,0,0,0,0,0,0,0,0,1,0,0,0,0
4757,45.22,73.0,184.39,0,0,0,0,1,38080000.0,206518.7916915234,0.0,0,2019,11,1946.0,1,1,0,1,1,0,0,0,0,0,1,0,0,1,0,0,0,0,0,0,0,0,0,0,0,0,0,1,0,0,0,0,0,0,0,0,0,0,1,0,0,0,0
4758,35.75,62.0,104.91,3,2,1,1,0,13500000.0,128681.72719473836,0.0,0,2019,12,1957.0,1,1,0,1,1,0,1,0,0,0,0,0,0,0,0,0,1,0,0,0,0,0,0,0,0,0,0,1,0,0,0,0,0,0,0,0,0,0,1,0,0,0,0
4759,39.2,80.0,113.52,3,2,2,1,0,10800000.0,95137.42071881608,0.0,0,2019,10,1939.0,1,1,0,1,1,0,1,0,0,0,0,0,0,0,0,0,1,0,0,0,0,0,0,0,0,0,0,1,0,0,0,0,0,0,0,0,0,0,1,0,0,0,0
4768,9.81,86.0,66.28999999999999,1,1,1,1,1,7000000.0,105596.62090813095,0.0,0,2019,12,1933.0,1,1,0,1,1,0,1,0,0,0,0,0,0,0,0,0,1,0,0,0,0,0,0,0,0,0,0,1,0,0,0,0,0,0,0,0,0,0,1,0,0,0,0
4769,49.59,0.0,0.0,0,0,0,1,0,22500000.0,453720.50816696906,0.0,0,2020,1,2020.0,1,0,0,1,0,0,0,0,1,0,0,0,0,0,0,0,0,0,0,1,0,0,0,0,0,1,0,0,0,0,0,0,0,0,0,0,0,0,1,0,0,0,0
4785,27.98,72.0,102.52,3,2,1,1,0,14500000.0,141435.81740148267,0.0,0,2020,1,1948.0,1,1,0,1,1,0,1,0,0,0,0,0,0,0,0,0,1,0,0,0,0,0,0,0,0,0,0,1,0,0,0,0,0,0,0,0,0,0,1,0,0,0,0
4804,5460.09,0.0,0.0,0,0,0,1,0,8000000.0,1465.1773139270597,0.0,0,2020,1,2020.0,2,0,0,1,0,0,0,0,1,0,0,0,0,0,0,0,0,0,0,1,0,0,0,0,0,1,0,0,0,0,0,0,0,0,0,0,0,0,1,0,0,0,0
4806,18.38,108.0,88.13,2,2,1,1,1,18200000.0,206513.10563939638,0.0,0,2019,12,1911.0,1,1,0,1,1,0,1,0,0,0,0,0,0,0,0,0,1,0,0,0,0,0,0,0,0,0,0,1,0,0,0,0,0,0,0,0,0,0,1,0,0,0,0
4819,10.13,82.0,44.37,1,1,1,1,1,7280000.0,164074.82533243182,0.0,0,2019,12,1937.0,1,1,0,1,1,0,1,0,0,0,0,0,0,0,0,0,1,0,0,0,0,0,0,0,0,0,0,1,0,0,0,0,0,0,0,0,0,0,1,0,0,0,0
4820,8.44,104.0,52.36,1,2,1,1,1,7360000.0,140565.31703590526,0.0,0,2019,12,1915.0,1,1,0,1,1,0,0,0,0,0,0,1,0,0,0,0,0,0,0,1,0,0,0,0,0,0,0,1,0,0,0,0,0,0,0,0,0,0,1,0,0,0,0
4821,7.79,94.0,58.13,0,0,0,0,1,5750000.0,98916.22226045073,19.86,0,2019,12,1925.0,2,1,1,1,1,1,1,0,0,0,0,0,0,0,0,0,1,0,0,0,0,0,0,0,0,0,0,1,0,0,0,0,0,0,0,0,0,0,0,0,0,1,0
4937,0.0,61.0,117.5,2,1,1,1,0,500000.0,4255.31914893617,0.0,0,2019,12,1958.0,0,1,0,0,1,0,0,0,0,1,0,0,0,0,0,0,1,0,0,0,0,0,0,0,0,0,0,0,0,0,0,0,1,0,0,0,0,0,1,0,0,0,0
4938,64.5,65.0,102.93,4,2,2,1,0,5500000.0,53434.37287476926,0.0,0,2019,12,1954.0,1,1,0,1,1,0,1,0,0,0,0,0,0,0,0,0,1,0,0,0,0,0,0,0,0,0,0,0,0,0,0,0,1,0,0,0,0,0,1,0,0,0,0
4941,1.32,0.0,40.47,0,0,0,1,1,1700000.0,42006.42451198419,40.47,1700000,2020,1,2020.0,0,0,1,0,0,1,1,0,0,0,0,0,0,0,0,0,0,0,0,1,0,0,0,0,0,1,0,0,0,0,0,0,0,0,0,0,0,0,0,0,0,1,0
4942,190.26,0.0,0.0,0,0,0,1,0,2000000.0,10511.931041732369,0.0,0,2019,12,2019.0,1,0,0,1,0,0,0,0,1,0,0,0,0,0,0,0,0,0,0,1,0,0,0,0,0,1,0,0,0,0,0,0,0,0,0,0,0,0,1,0,0,0,0
4943,47.99,102.0,266.56,3,2,2,1,1,46000000.0,172569.02761104438,0.0,0,2019,11,1917.0,7,1,2,1,1,1,1,0,0,0,0,0,0,0,0,0,1,0,0,0,0,0,0,0,0,0,0,1,0,0,0,0,0,0,0,0,0,0,0,0,0,1,0
4944,44.04,102.0,191.22,3,2,2,1,1,33880000.0,177178.11944357285,0.0,0,2019,12,1917.0,2,1,0,1,1,0,1,0,0,0,0,0,0,0,0,0,1,0,0,0,0,0,0,0,0,0,0,1,0,0,0,0,0,0,0,0,0,0,1,0,0,0,0
4945,30.54,73.0,114.12,3,2,2,1,1,13000000.0,113915.17700665965,0.0,0,2019,12,1946.0,1,1,0,1,1,0,1,0,0,0,0,0,0,0,0,0,1,0,0,0,0,0,0,0,0,0,0,1,0,0,0,0,0,0,0,0,0,0,1,0,0,0,0
4948,34.45,68.0,112.0,3,2,2,1,0,13500000.0,120535.71428571428,0.0,0,2019,12,1951.0,5,1,0,1,1,0,1,0,0,0,0,0,0,0,0,0,1,0,0,0,0,0,0,0,0,0,0,1,0,0,0,0,0,0,0,0,0,0,1,0,0,0,0
4949,23.99,69.0,85.75,3,2,1,1,0,8000000.0,93294.46064139943,0.0,0,2019,12,1950.0,1,1,0,1,1,0,0,0,1,0,0,0,0,0,0,0,1,0,0,0,0,0,0,0,0,0,0,1,0,0,0,0,0,0,0,0,0,0,1,0,0,0,0
4960,10.26,65.0,50.83,0,0,0,1,1,2500000.0,49183.55301987017,0.0,2500000,2020,1,1955.0,0,0,2,0,0,1,1,0,0,0,0,0,0,0,0,0,0,0,1,0,0,0,0,0,0,0,0,1,0,0,0,0,0,0,0,0,0,0,0,0,0,1,0
4962,12.98,66.0,50.34,1,1,1,1,1,3500000.0,69527.21493841875,0.0,0,2020,1,1954.0,4,1,0,1,1,0,0,0,1,0,0,0,0,0,0,0,1,0,0,0,0,0,0,0,0,0,0,1,0,0,0,0,0,0,0,0,0,0,1,0,0,0,0
4971,23.18,75.0,126.72,3,2,2,1,1,13300000.0,104955.80808080807,0.0,0,2019,12,1944.0,1,1,0,1,1,0,1,0,0,0,0,0,0,0,0,0,1,0,0,0,0,0,0,0,0,0,0,1,0,0,0,0,0,0,0,0,0,0,1,0,0,0,0
4977,24.5,63.0,77.39,2,1,1,1,0,16000000.0,206745.05750096915,0.0,0,2019,12,1956.0,2,1,0,1,1,0,1,0,0,0,0,0,0,0,0,0,1,0,0,0,0,0,0,0,0,0,0,1,0,0,0,0,0,0,0,0,0,0,1,0,0,0,0
4978,36.66,70.0,127.48,3,2,1,1,0,13500000.0,105898.9645434578,0.0,0,2019,6,1949.0,1,1,0,1,1,0,1,0,0,0,0,0,0,0,0,0,1,0,0,0,0,0,0,0,0,0,0,1,0,0,0,0,0,0,0,0,0,0,1,0,0,0,0
4979,3.48,0.0,0.0,0,0,0,1,0,2061861.0,592488.7931034482,0.0,0,2020,1,2020.0,1,0,0,1,0,0,1,0,0,0,0,0,0,0,0,0,0,0,0,1,0,0,0,0,0,1,0,0,0,0,0,0,0,0,0,0,0,0,1,0,0,0,0
5088,30.92,108.0,162.78,2,2,2,1,1,22200000.0,136380.3907113896,32.29,2300000,2019,12,1911.0,1,1,1,1,1,1,1,0,0,0,0,0,0,0,0,0,0,0,0,1,0,0,0,0,0,0,0,1,0,0,0,0,0,0,0,0,0,0,0,0,0,1,0
5091,12.16,85.0,51.71,1,1,1,1,1,9000000.0,174047.57300328757,0.0,0,2019,12,1934.0,1,1,0,1,1,0,1,0,0,0,0,0,0,0,0,0,1,0,0,0,0,0,0,0,0,0,0,1,0,0,0,0,0,0,0,0,0,0,1,0,0,0,0
5093,18.38,108.0,107.93,2,2,1,1,1,21060000.0,195126.47086074305,19.8,2300000,2019,12,1911.0,1,1,1,1,1,1,1,0,0,0,0,0,0,0,0,0,1,0,0,0,0,0,0,0,0,0,0,1,0,0,0,0,0,0,0,0,1,0,0,0,0,0,0
5094,23.14,70.0,134.16,3,2,2,1,1,13400000.0,99880.73941562316,0.0,0,2019,12,1949.0,2,1,0,1,1,0,1,0,0,0,0,0,0,0,0,0,1,0,0,0,0,0,0,0,0,0,0,1,0,0,0,0,0,0,0,0,0,0,1,0,0,0,0
5104,30.25,65.0,74.73,2,2,1,1,0,4700000.0,62893.08176100629,0.0,0,2019,12,1954.0,1,1,0,1,1,0,1,0,0,0,0,0,0,0,0,0,1,0,0,0,0,0,0,0,0,0,0,1,0,0,0,0,0,0,0,0,0,0,1,0,0,0,0
5114,40.25,64.0,106.45,3,2,2,1,0,9500000.0,89243.77642085486,0.0,0,2019,12,1955.0,1,1,0,1,1,0,1,0,0,0,0,0,0,0,0,0,1,0,0,0,0,0,0,0,0,0,0,1,0,0,0,0,0,0,0,0,0,0,1,0,0,0,0
5115,29.12,94.0,182.36,4,3,2,1,1,21500000.0,117898.6619872779,29.74,1500000,2019,11,1925.0,1,1,1,1,1,1,0,0,0,0,1,0,0,0,0,0,1,0,0,0,0,0,0,0,0,0,0,1,0,0,0,0,0,0,0,0,0,1,0,0,0,0,0
5125,51.41,78.0,206.44,4,4,2,1,1,17500000.0,84770.39333462509,0.0,0,2019,1,1941.0,1,2,1,1,1,1,1,0,0,0,0,0,0,0,0,0,1,0,0,0,0,0,0,0,0,0,0,1,0,0,0,0,0,0,0,0,0,0,0,0,0,1,0
5127,23.85,66.0,65.25,2,2,1,1,0,8100000.0,124137.93103448275,0.0,0,2020,1,1954.0,3,1,0,1,1,0,1,0,0,0,0,0,0,0,0,0,1,0,0,0,0,0,0,0,0,0,0,1,0,0,0,0,0,0,0,0,0,0,1,0,0,0,0
5130,57.1,101.0,137.9,3,2,2,1,1,15000000.0,108774.47425670775,18.25,0,2019,12,1918.0,2,1,1,1,1,1,1,0,0,0,0,0,0,0,0,0,1,0,0,0,0,0,0,0,0,0,0,1,0,0,0,0,0,0,0,0,0,0,0,0,0,1,0
5133,61.75,64.0,151.83,3,2,2,1,0,18000000.0,118553.64552459988,0.0,0,2020,1,1956.0,1,1,0,1,1,0,1,0,0,0,0,0,0,0,0,0,1,0,0,0,0,0,0,0,0,0,0,1,0,0,0,0,0,0,0,0,0,0,1,0,0,0,0
5134,13.63,105.0,58.7,1,1,1,1,0,7700000.0,131175.46848381602,0.0,0,2019,11,1914.0,1,1,0,1,1,0,1,0,0,0,0,0,0,0,0,0,1,0,0,0,0,0,0,0,0,0,0,1,0,0,0,0,0,0,0,0,0,0,1,0,0,0,0
5135,2.58,70.0,32.370000000000005,0,0,0,1,1,2050000.0,63330.24405313562,32.37,2050000,2020,1,1950.0,0,0,1,0,0,1,1,0,0,0,0,0,0,0,0,0,0,0,1,0,0,0,0,0,0,0,0,1,0,0,0,0,0,0,0,0,0,0,0,0,0,1,0
5136,2.58,70.0,32.370000000000005,0,0,0,1,1,2350000.0,72598.0846462774,32.37,2350000,2020,1,1950.0,0,0,1,0,0,1,1,0,0,0,0,0,0,0,0,0,0,0,1,0,0,0,0,0,0,0,0,1,0,0,0,0,0,0,0,0,0,0,0,0,0,1,0
5137,2.58,70.0,32.370000000000005,0,0,0,1,1,2050000.0,63330.24405313562,32.37,2050000,2020,1,1950.0,0,0,1,0,0,1,1,0,0,0,0,0,0,0,0,0,0,0,1,0,0,0,0,0,0,0,0,1,0,0,0,0,0,0,0,0,0,0,0,0,0,1,0
5138,2.58,70.0,32.370000000000005,0,0,0,1,1,2750000.0,84955.20543713312,32.37,2750000,2020,1,1950.0,0,0,1,0,0,1,1,0,0,0,0,0,0,0,0,0,0,0,1,0,0,0,0,0,0,0,0,1,0,0,0,0,0,0,0,0,0,0,0,0,0,1,0
5141,37.57,70.0,118.68,3,2,2,1,0,13900000.0,117121.67172227839,0.0,0,2019,12,1949.0,4,1,0,1,1,0,1,0,0,0,0,0,0,0,0,0,1,0,0,0,0,0,0,0,0,0,0,1,0,0,0,0,0,0,0,0,0,0,1,0,0,0,0
5143,0.0,10.0,155.0,2,1,0,1,0,2550000.0,16451.612903225807,0.0,0,2019,11,2009.0,0,1,0,0,1,0,0,0,0,1,0,0,0,0,0,0,1,0,0,0,0,1,0,0,0,0,0,0,0,0,0,0,0,0,0,0,0,0,1,0,0,0,0
5251,18.94,108.0,90.82,2,2,1,1,1,18850000.0,207553.40233428762,0.0,0,2019,12,1911.0,1,1,0,1,1,0,1,0,0,0,0,0,0,0,0,0,1,0,0,0,0,0,0,0,0,0,0,1,0,0,0,0,0,0,0,0,0,0,1,0,0,0,0
5252,21.93,99.0,135.63,3,2,1,1,1,15350000.0,113175.55113175552,35.9,0,2019,12,1920.0,1,1,1,1,1,1,1,0,0,0,0,0,0,0,0,0,1,0,0,0,0,0,0,0,0,0,0,1,0,0,0,0,0,0,0,0,0,0,0,0,0,1,0
5255,25.83,94.0,150.44,4,2,2,1,1,22200000.0,147567.13639989364,33.44,0,2020,1,1926.0,1,1,1,1,1,1,0,0,0,0,1,0,0,0,0,0,1,0,0,0,0,0,0,0,0,0,0,1,0,0,0,0,0,0,0,0,0,0,0,0,0,1,0
5256,9.3,89.0,76.3,1,1,1,1,1,13000000.0,170380.07863695937,0.0,0,2019,12,1930.0,4,1,0,1,1,0,0,0,1,0,0,0,0,0,0,0,1,0,0,0,0,0,0,0,0,0,0,1,0,0,0,0,0,0,0,0,0,0,1,0,0,0,0
5258,4.13,67.0,25.5,1,0,1,1,0,2500000.0,98039.21568627449,0.0,0,2020,1,1953.0,1,1,0,1,1,0,0,0,1,0,0,0,0,0,0,0,1,0,0,0,0,0,0,0,0,0,0,1,0,0,0,0,0,0,0,0,0,0,1,0,0,0,0
5269,24.26,87.0,123.3,4,2,1,1,1,18800000.0,152473.64152473642,0.0,2500000,2019,12,1932.0,1,1,1,1,1,1,1,0,0,0,0,0,0,0,0,0,1,0,0,0,0,0,0,0,0,0,0,1,0,0,0,0,0,0,0,0,0,0,0,0,0,1,0
5270,10.58,69.0,50.05,1,1,1,1,1,4180000.0,83516.48351648352,0.0,0,2020,1,1951.0,2,1,0,1,1,0,1,0,0,0,0,0,0,0,0,0,1,0,0,0,0,0,0,0,0,0,0,1,0,0,0,0,0,0,0,0,0,0,1,0,0,0,0
5348,26.64,74.0,104.38,3,2,2,1,0,12000000.0,114964.5525962828,0.0,0,2020,1,1946.0,1,1,0,1,1,0,0,0,0,0,1,0,0,0,0,0,1,0,0,0,0,0,0,0,0,0,0,1,0,0,0,0,0,0,0,0,0,0,1,0,0,0,0
5349,21.9,108.0,188.35,3,2,2,1,1,31000000.0,164587.20467215287,38.17,2300000,2019,12,1911.0,1,1,1,1,1,1,1,0,0,0,0,0,0,0,0,0,1,0,0,0,0,0,0,0,0,0,0,1,0,0,0,0,0,0,0,0,0,0,0,0,0,1,0
5350,16.35,95.0,175.94,3,2,2,1,1,33680000.0,191428.89621461858,42.09,0,2019,12,1924.0,1,1,1,1,1,1,0,0,0,0,1,0,0,0,0,0,1,0,0,0,0,0,0,0,0,0,0,1,0,0,0,0,0,0,0,0,0,0,0,0,0,1,0
5351,25.34,108.0,140.44,3,2,1,1,1,17200000.0,122472.230133865,32.85,0,2019,12,1911.0,1,1,1,1,1,1,1,0,0,0,0,0,0,0,0,0,1,0,0,0,0,0,0,0,0,0,0,1,0,0,0,0,0,0,0,0,0,1,0,0,0,0,0
5353,5.07,69.0,36.36,1,1,1,1,1,3300000.0,90759.07590759076,0.0,0,2019,12,1950.0,1,1,0,1,1,0,0,0,1,0,0,0,0,0,0,0,1,0,0,0,0,0,0,0,0,0,0,1,0,0,0,0,0,0,0,0,0,0,1,0,0,0,0
5356,82.75,0.0,0.0,0,0,0,1,0,1700000.0,20543.80664652568,0.0,0,2019,1,2019.0,1,0,0,1,0,0,0,1,0,0,0,0,0,0,0,0,0,0,0,1,0,0,0,0,0,1,0,0,0,0,0,0,0,0,0,0,0,0,1,0,0,0,0
5357,23.75,58.0,79.23,2,1,1,1,0,4500000.0,56796.66792881484,0.0,0,2019,12,1961.0,2,1,0,1,1,0,1,0,0,0,0,0,0,0,0,0,1,0,0,0,0,0,0,0,0,0,0,0,0,0,0,0,1,0,0,0,0,0,1,0,0,0,0
5360,21.64,106.0,153.25,2,1,1,1,1,24930000.0,162675.36704730833,45.47,2600000,2019,12,1913.0,1,1,1,1,1,1,1,0,0,0,0,0,0,0,0,0,1,0,0,0,0,0,0,0,0,0,0,1,0,0,0,0,0,0,0,0,0,0,0,0,0,1,0
5361,21.64,106.0,153.25,2,1,1,1,1,25000000.0,163132.1370309951,45.47,2600000,2019,12,1913.0,1,1,1,1,1,1,1,0,0,0,0,0,0,0,0,0,1,0,0,0,0,0,0,0,0,0,0,1,0,0,0,0,0,0,0,0,0,0,0,0,0,1,0
5387,45.55,85.0,143.62,3,2,2,1,1,16800000.0,116975.35162233672,0.0,0,2019,11,1934.0,1,1,0,1,1,0,1,0,0,0,0,0,0,0,0,0,1,0,0,0,0,0,0,0,0,0,0,1,0,0,0,0,0,0,0,0,0,0,1,0,0,0,0
5414,14.12,68.0,51.13,1,1,1,1,0,4380000.0,85663.99374144338,0.0,0,2019,12,1951.0,1,1,0,1,1,0,1,0,0,0,0,0,0,0,0,0,1,0,0,0,0,0,0,0,0,0,0,1,0,0,0,0,0,0,0,0,0,0,1,0,0,0,0
5417,36.92,97.0,187.84,3,2,3,1,1,20980000.0,111690.80068143102,24.62,0,2020,1,1923.0,1,2,1,1,1,1,0,0,1,0,0,0,0,0,0,0,0,0,0,1,0,0,0,0,0,0,0,1,0,0,0,0,0,0,0,0,0,0,0,0,0,1,0
5418,4.09,94.0,37.7,1,1,1,1,1,5850000.0,155172.41379310345,0.0,0,2020,1,1926.0,1,1,0,1,1,0,0,0,0,0,1,0,0,0,0,0,0,0,0,1,0,0,0,0,0,0,0,1,0,0,0,0,0,0,0,0,0,0,1,0,0,0,0
5422,14.12,68.0,51.13,2,1,1,1,0,9050000.0,176999.80442010562,0.0,0,2019,11,1951.0,1,1,0,1,1,0,1,0,0,0,0,0,0,0,0,0,1,0,0,0,0,0,0,0,0,0,0,1,0,0,0,0,0,0,0,0,0,0,1,0,0,0,0
5425,11.07,66.0,98.26,3,1,1,1,1,12800000.0,130266.63952778345,0.0,0,2020,1,1954.0,1,1,0,1,1,0,0,0,1,0,0,0,0,0,0,0,1,0,0,0,0,0,0,0,0,0,0,1,0,0,0,0,0,0,0,0,0,0,1,0,0,0,0
5537,38.56,105.0,205.24,3,2,3,1,1,39200000.0,190995.90723055933,0.0,0,2019,12,1914.0,1,1,0,1,1,0,1,0,0,0,0,0,0,0,0,0,1,0,0,0,0,0,0,0,0,0,0,1,0,0,0,0,0,0,0,0,0,0,1,0,0,0,0
5538,25.25,66.0,75.16,3,2,2,1,0,10500000.0,139701.96913251732,0.0,0,2019,12,1953.0,1,1,0,1,1,0,1,0,0,0,0,0,0,0,0,0,1,0,0,0,0,0,0,0,0,0,0,1,0,0,0,0,0,0,0,0,0,0,1,0,0,0,0
5539,10.55,96.0,122.27,2,2,1,1,1,15600000.0,127586.48891796845,39.78,0,2019,12,1923.0,2,1,1,1,1,1,0,0,0,0,1,0,0,0,0,0,1,0,0,0,0,0,0,0,0,0,0,1,0,0,0,0,0,0,0,0,0,1,0,0,0,0,0
5542,30.0,61.0,58.53,2,2,1,1,0,7500000.0,128139.41568426447,0.0,0,2019,12,1958.0,1,1,0,1,1,0,1,0,0,0,0,0,0,0,0,0,1,0,0,0,0,0,0,0,0,0,0,0,0,0,0,0,1,0,0,0,0,0,1,0,0,0,0
5543,29.2,65.0,120.66,3,2,2,1,1,11600000.0,96137.9081717222,0.0,0,2019,12,1954.0,1,1,0,1,1,0,1,0,0,0,0,0,0,0,0,0,1,0,0,0,0,0,0,0,0,0,0,1,0,0,0,0,0,0,0,0,0,0,1,0,0,0,0
5544,1854.5,0.0,0.0,0,0,0,1,0,20300000.0,10946.346724184417,0.0,0,2019,12,2019.0,1,0,0,1,0,0,0,0,1,0,0,0,0,0,0,0,0,0,0,1,0,0,0,0,0,1,0,0,0,0,0,0,0,0,0,0,0,0,1,0,0,0,0
5545,5.73,94.0,55.25,1,1,1,1,1,8500000.0,153846.15384615384,16.66,0,2020,1,1926.0,1,1,1,1,1,1,0,0,1,0,0,0,0,0,0,0,0,0,0,1,0,0,0,0,0,0,0,1,0,0,0,0,0,0,0,0,0,0,0,0,0,1,0
5548,16.42,65.0,49.7,2,2,1,1,0,6900000.0,138832.99798792755,0.0,0,2019,12,1954.0,1,1,0,1,1,0,1,0,0,0,0,0,0,0,0,0,1,0,0,0,0,0,0,0,0,0,0,1,0,0,0,0,0,0,0,0,0,0,1,0,0,0,0
5549,11.83,73.0,67.95,1,1,1,1,1,6300000.0,92715.23178807947,0.0,0,2020,1,1947.0,8,2,0,1,1,0,0,0,1,0,0,0,0,0,0,0,1,0,0,0,0,0,0,0,0,0,0,1,0,0,0,0,0,0,0,0,0,0,1,0,0,0,0
5551,143.22,0.0,0.0,0,0,0,1,0,10034225.0,70061.61848903785,0.0,0,2020,1,2020.0,3,0,0,1,0,0,0,0,1,0,0,0,0,0,0,0,0,0,0,1,0,0,0,0,0,1,0,0,0,0,0,0,0,0,0,0,0,0,1,0,0,0,0
5552,27.57,70.0,114.73,3,2,2,1,0,12700000.0,110694.67445306374,0.0,0,2019,11,1949.0,1,1,0,1,1,0,0,0,0,0,1,0,0,0,0,0,1,0,0,0,0,0,0,0,0,0,0,1,0,0,0,0,0,0,0,0,0,0,1,0,0,0,0
5555,13.36,94.0,88.74,2,1,1,1,1,10000000.0,112688.7536623845,19.86,0,2020,1,1926.0,2,2,1,1,1,1,1,0,0,0,0,0,0,0,0,0,1,0,0,0,0,0,0,0,0,0,0,1,0,0,0,0,0,0,0,0,0,0,0,0,1,0,0
5583,7.75,67.0,44.98,1,1,1,1,1,5450000.0,121164.96220542464,0.0,0,2019,12,1952.0,1,1,0,1,1,0,0,0,1,0,0,0,0,0,0,0,1,0,0,0,0,0,0,0,0,0,0,1,0,0,0,0,0,0,0,0,0,0,1,0,0,0,0
5585,91.67,58.0,197.81,2,2,2,1,0,30000000.0,151660.6844952227,0.0,0,2020,1,1962.0,2,2,0,1,1,0,1,0,0,0,0,0,0,0,0,0,1,0,0,0,0,0,0,0,0,0,0,0,0,0,0,0,1,0,0,0,0,0,1,0,0,0,0
5586,7.34,98.0,30.0,1,1,1,1,1,6950000.0,231666.66666666663,0.0,0,2019,12,1921.0,1,1,0,1,1,0,1,0,0,0,0,0,0,0,0,0,1,0,0,0,0,0,0,0,0,0,0,1,0,0,0,0,0,0,0,0,0,0,1,0,0,0,0
5592,40.25,62.0,89.07,3,2,1,1,0,9305555.0,104474.62669810264,0.0,0,2020,1,1958.0,1,1,0,1,1,0,1,0,0,0,0,0,0,0,0,0,1,0,0,0,0,0,0,0,0,0,0,1,0,0,0,0,0,0,0,0,0,0,1,0,0,0,0
5628,7.8,98.0,50.56,1,1,1,1,1,8000000.0,158227.84810126582,0.0,0,2019,12,1921.0,1,1,0,1,1,0,0,0,1,0,0,0,0,0,0,0,1,0,0,0,0,0,0,0,0,0,0,1,0,0,0,0,0,0,0,0,0,0,1,0,0,0,0
5629,1.94,89.0,15.68,0,0,0,1,1,900000.0,57397.959183673476,0.0,900000,2020,1,1931.0,0,0,1,0,0,1,1,0,0,0,0,0,0,0,0,1,0,0,0,0,0,0,0,0,0,0,0,1,0,0,0,0,0,0,0,0,0,0,0,0,1,0,0
5633,21.3,67.0,85.37,3,2,2,1,1,7300000.0,85510.13236499943,0.0,0,2020,1,1953.0,1,1,0,1,1,0,1,0,0,0,0,0,0,0,0,0,1,0,0,0,0,0,0,0,0,0,0,1,0,0,0,0,0,0,0,0,0,0,1,0,0,0,0
5635,27.77,102.0,141.09,0,0,0,0,1,16480000.0,116804.87632007938,32.44,2200000,2019,12,1917.0,1,1,1,1,1,1,0,0,1,0,0,0,0,0,0,0,0,0,0,1,0,0,0,0,0,0,0,1,0,0,0,0,0,0,0,0,0,0,0,0,0,1,0
5745,29.2,65.0,122.11,3,2,2,1,1,13880000.0,113668.00425845548,0.0,0,2019,11,1954.0,1,1,0,1,1,0,1,0,0,0,0,0,0,0,0,0,1,0,0,0,0,0,0,0,0,0,0,1,0,0,0,0,0,0,0,0,0,0,1,0,0,0,0
5746,28.0,74.0,107.43,3,1,1,1,0,14500000.0,134971.6094200875,0.0,0,2020,1,1946.0,3,1,0,1,1,0,1,0,0,0,0,0,0,0,0,0,1,0,0,0,0,0,0,0,0,0,0,1,0,0,0,0,0,0,0,0,0,0,1,0,0,0,0
5748,28.59,73.0,109.07,3,2,2,1,0,15850000.0,145319.5195745851,0.0,0,2019,12,1946.0,1,1,0,1,1,0,1,0,0,0,0,0,0,0,0,0,1,0,0,0,0,0,0,0,0,0,0,1,0,0,0,0,0,0,0,0,0,0,1,0,0,0,0
5750,59.75,60.0,63.7,3,2,1,1,0,20659734.0,324328.63422291994,0.0,0,2019,12,1959.0,1,1,0,1,1,0,1,0,0,0,0,0,0,0,0,0,1,0,0,0,0,0,0,0,0,0,0,0,0,0,0,0,1,0,0,0,0,0,1,0,0,0,0
5751,59.75,53.0,63.46,3,2,1,1,0,30989600.0,488332.8080680744,0.0,0,2019,12,1966.0,1,1,0,1,1,0,1,0,0,0,0,0,0,0,0,0,1,0,0,0,0,0,0,0,0,0,0,0,0,0,0,0,1,0,0,0,0,0,1,0,0,0,0
5752,49.25,64.0,128.25,3,2,2,1,0,17250000.0,134502.92397660814,0.0,0,2019,12,1955.0,3,1,0,1,1,0,1,0,0,0,0,0,0,0,0,0,1,0,0,0,0,0,0,0,0,0,0,1,0,0,0,0,0,0,0,0,0,0,1,0,0,0,0
5781,795.0,62.0,704.37,0,2,1,1,0,157710000.0,223902.21048596612,0.0,0,2019,9,1957.0,2,1,0,1,1,0,0,0,1,0,0,0,0,0,0,0,0,0,0,0,1,0,0,0,0,0,0,0,0,0,0,0,1,0,0,0,0,0,1,0,0,0,0
5782,1061.0,63.0,640.42,0,2,1,1,0,210470000.0,328643.70257018827,0.0,0,2019,9,1956.0,2,2,0,1,1,0,0,0,1,0,0,0,0,0,0,0,0,0,0,0,1,0,0,0,0,0,0,0,0,0,0,0,1,0,0,0,0,0,1,0,0,0,0
5783,24.5,66.0,73.8,3,2,2,1,0,13500000.0,182926.8292682927,0.0,0,2019,12,1953.0,1,1,0,1,1,0,1,0,0,0,0,0,0,0,0,0,1,0,0,0,0,0,0,0,0,0,0,1,0,0,0,0,0,0,0,0,0,0,1,0,0,0,0
5784,25.06,101.0,182.67,3,2,2,1,1,22700000.0,124267.80533201949,32.96,2000000,2019,12,1918.0,1,1,1,1,1,1,1,0,0,0,0,0,0,0,0,0,1,0,0,0,0,0,0,0,0,0,0,1,0,0,0,0,0,0,0,0,0,0,0,0,0,1,0
5796,29.5,66.0,110.1,3,1,1,1,0,13500000.0,122615.8038147139,0.0,0,2020,1,1954.0,1,1,0,1,1,0,1,0,0,0,0,0,0,0,0,0,1,0,0,0,0,0,0,0,0,0,0,1,0,0,0,0,0,0,0,0,0,0,1,0,0,0,0
5797,21.72,67.0,103.29,3,2,1,1,1,17800000.0,172330.33207474102,0.0,0,2020,1,1953.0,1,1,0,1,1,0,1,0,0,0,0,0,0,0,0,0,1,0,0,0,0,0,0,0,0,0,0,1,0,0,0,0,0,0,0,0,0,0,1,0,0,0,0
5820,43.5,63.0,107.26,3,2,2,1,0,17300000.0,161290.32258064515,0.0,0,2020,1,1957.0,1,1,0,1,1,0,1,0,0,0,0,0,0,0,0,0,1,0,0,0,0,0,0,0,0,0,0,1,0,0,0,0,0,0,0,0,0,0,1,0,0,0,0
5893,98.25,60.0,35.3,2,1,1,1,0,860000.0,24362.60623229462,0.0,0,2020,2,1960.0,2,1,0,1,1,0,0,0,1,0,0,0,0,0,0,0,1,0,0,0,0,0,0,0,0,0,0,0,0,0,0,0,1,0,0,0,0,0,1,0,0,0,0
5894,24.14,96.0,104.42,2,2,2,1,1,20400000.0,195364.8726297644,0.0,1600000,2019,12,1923.0,1,1,1,1,1,1,1,0,0,0,0,0,0,0,0,0,1,0,0,0,0,0,0,0,0,0,0,1,0,0,0,0,0,0,0,0,1,0,0,0,0,0,0
