Index,land_shift_area,urban_land_use,complete_year,building_shift_total_area,num_room,num_hall,num_toilet,num_partition,management_org,total_ntd,unit_ntd,carpark_shift_area,carpark_ntd,transaction_year,transaction_month,building_age,number_of_land,number_of_building,number_of_carpark
10,36.75,Address,62.0,92.02,3,2,2,1,0,11000000.0,119539.23060204304,0.0,0,2019,3,1957.0,1,1,0
12,30.42,Address,73.0,106.7,0,1,1,1,0,21000000.0,196813.49578256797,0.0,0,2019,4,1946.0,3,1,0
14,17.94,Quotient,106.0,272.04999999999995,4,2,1,1,1,51200000.0,188200.69840102925,56.14,3500000,2019,3,1913.0,1,1,2
15,36.96,Address,87.0,162.23000000000005,3,2,2,1,1,18300000.0,112802.81082413855,0.0,0,2019,4,1932.0,1,1,1
19,22.71,Quotient,61.0,101.45,3,2,1,1,0,14000000.0,137999.01429275505,0.0,0,2019,3,1958.0,3,1,0
20,9.71,Quotient,104.0,154.9,2,2,2,1,1,28000000.0,180761.78179470624,31.12,0,2019,3,1915.0,1,1,1
75,53.48,Address,102.0,206.69,4,2,2,1,1,13000000.0,62896.12463109004,0.0,0,2014,1,1912.0,1,1,1
98,26.0,Address,66.0,78.65,1,0,1,1,0,8230000.0,104640.8137317228,0.0,0,2019,3,1953.0,1,1,0
153,0.4,Quotient,92.0,34.18,1,1,1,1,1,4900000.0,143358.68929198358,0.0,0,2019,3,1927.0,1,1,0
154,3.66,Address,100.0,33.71,0,0,0,1,1,2200000.0,65262.533372886384,33.71,2200000,2019,4,1919.0,0,0,1
155,9.68,Quotient,108.0,124.8,2,2,1,1,0,16000000.0,128205.1282051282,37.74,1950000,2019,3,1911.0,1,1,1
156,15.6,Quotient,108.0,188.49,3,2,2,1,0,24650000.0,130776.1684970025,43.59,2050000,2019,4,1911.0,1,1,1
186,5.57,Quotient,84.0,53.36,2,1,1,1,1,7200000.0,134932.53373313346,0.0,0,2019,4,1935.0,1,1,0
188,18.87,Other,0.0,0.0,0,0,0,1,0,444640.0,23563.32803391627,0.0,0,2019,4,2019.0,1,0,0
189,48.62,Address,73.0,216.46,4,3,1,1,0,22400000.0,103483.32255382057,0.0,0,2019,3,1946.0,1,1,0
191,37.05,Address,86.0,210.88,3,2,2,1,1,21580000.0,102333.0804248862,0.0,0,2019,4,1933.0,2,1,0
193,48.01,Address,102.0,185.47,3,2,2,1,1,25850000.0,139375.640265272,0.0,0,2019,4,1917.0,1,1,1
194,45.33,Quotient,0.0,99.24,6,2,3,1,0,15000000.0,151148.73035066505,0.0,0,2019,4,2019.0,1,1,0
195,12.8,Quotient,65.0,52.98,2,1,1,1,0,7200000.0,135900.33975084938,0.0,0,2019,3,1954.0,2,1,0
259,22.05,Address,66.0,101.05,0,0,0,0,0,10420000.0,103117.26867887184,0.0,0,2019,3,1953.0,2,1,0
260,5.62,Address,0.0,0.0,0,0,0,1,0,800000.0,142348.75444839854,0.0,0,2019,3,2019.0,2,0,0
261,37.86,Address,100.0,177.47,3,2,2,1,1,25770111.0,145208.26618583422,0.0,0,2019,4,1919.0,2,1,1
291,3.86,Quotient,93.0,44.63,1,1,1,1,1,7800000.0,174770.33385615054,0.0,0,2019,4,1926.0,1,1,0
354,9.32,Quotient,108.0,136.68,2,2,1,1,1,20920000.0,153058.23822066135,43.22,2250000,2019,4,1911.0,2,1,1
363,35.24,Address,97.0,164.82,3,2,2,1,1,20588000.0,124912.02523965537,0.0,0,2019,4,1922.0,4,1,1
365,4.14,Quotient,91.0,42.91,1,1,1,1,1,7300000.0,170123.51433232348,0.0,0,2019,4,1928.0,1,1,0
366,11.36,Quotient,106.0,158.7,3,2,2,1,1,29800000.0,187775.677378702,27.87,2800000,2019,4,1913.0,1,1,1
369,24.75,Address,62.0,83.53,3,2,1,1,0,11200000.0,134083.56279181133,0.0,0,2019,3,1957.0,1,1,0
370,28.33,Quotient,66.0,123.0,3,2,1,1,0,14580000.0,118536.58536585367,0.0,0,2019,4,1953.0,2,1,0
371,23.87,Address,70.0,88.83,3,2,1,1,0,9000000.0,101317.12259371832,0.0,0,2019,4,1949.0,1,1,0
434,27.28,Quotient,104.0,280.19,4,2,2,1,1,40000000.0,142760.26981690995,77.52,0,2019,3,1915.0,1,1,2
435,16.0,Address,63.0,61.72,0,1,1,1,0,5000000.0,81011.01749837978,0.0,0,2019,4,1956.0,1,1,0
438,4.91,Quotient,0.0,21.28,1,1,1,1,0,2000000.0,93984.96240601504,0.0,0,2019,4,2019.0,1,1,0
445,1.51,Quotient,82.0,38.02,0,0,0,1,1,2500000.0,65754.86586007364,38.02,2500000,2019,4,1937.0,0,0,1
446,1.61,Quotient,82.0,52.3,0,0,0,1,1,2280000.0,43594.646271510515,52.3,2280000,2019,4,1937.0,0,0,1
452,36.02,Address,73.0,145.36,3,2,2,1,1,19300000.0,132773.80297193176,0.0,0,2019,3,1946.0,1,1,0
507,61.0,Other,0.0,0.0,0,0,0,1,0,1652124.0,27084.0,0.0,0,2019,4,2019.0,2,0,0
538,17.0,Address,0.0,0.0,0,0,0,1,0,2900000.0,170588.23529411765,0.0,0,2019,4,2019.0,2,0,0
539,6.0,Other,0.0,0.0,0,0,0,1,0,218400.0,36400.0,0.0,0,2019,4,2019.0,1,0,0
624,25.0,Address,0.0,36.3,2,1,1,1,0,3773850.0,103962.80991735538,0.0,0,2019,4,2019.0,1,1,0
626,5.13,Quotient,95.0,52.5,1,1,1,1,1,12580000.0,239619.04761904766,0.0,0,2019,4,1924.0,1,1,0
628,18.0,Address,62.0,68.53,2,1,1,1,0,5000000.0,72960.7471180505,0.0,0,2019,4,1957.0,1,1,0
630,7.48,Quotient,76.0,52.58,1,1,1,1,1,8450000.0,160707.4933434766,0.0,0,2019,4,1943.0,1,1,0
631,25.43,Address,61.0,100.2,3,1,1,1,0,7200000.0,71856.2874251497,0.0,0,2019,3,1958.0,1,1,0
633,7.67,Address,65.0,25.34,1,1,1,1,0,1137280.0,44880.82083662193,0.0,0,2019,4,1954.0,1,1,0
665,3.22,Quotient,70.0,30.4,1,1,1,1,0,4150000.0,136513.15789473685,0.0,0,2019,2,1949.0,11,1,0
666,12.4,Address,0.0,46.08,1,1,1,1,1,7800000.0,169270.83333333337,0.0,0,2019,4,2019.0,1,1,0
672,26.49,Address,71.0,99.89,2,2,1,1,1,13800000.0,138151.96716388027,0.0,0,2019,4,1948.0,1,1,0
726,30.25,Address,63.56521739130435,82.8,2,2,1,1,0,4674900.0,56460.14492753622,0.0,0,2019,4,1955.434782608696,1,1,0
832,22.45,Address,66.0,61.13,2,1,1,1,0,8200000.0,134140.35661704565,0.0,0,2019,4,1953.0,1,1,0
834,45.31,Address,100.0,212.42,4,2,2,1,1,33060000.0,155635.0626118068,0.0,0,2019,4,1919.0,2,1,1
835,3.01,Quotient,105.0,44.62,1,1,1,1,1,8500000.0,190497.53473778575,0.0,0,2019,4,1914.0,1,2,0
836,32.98,Address,106.0,274.81,4,2,2,1,1,48500000.0,176485.57184964156,55.34,4000000,2019,4,1913.0,2,2,2
837,25.0,Address,52.0,60.6,2,2,3,1,0,6200000.0,102310.23102310233,0.0,0,2019,4,1967.0,1,1,0
838,24.66,Address,58.0,64.87,2,1,1,1,0,7500000.0,115615.84707877293,0.0,0,2019,4,1961.0,2,1,0
871,7.4,Quotient,68.0,27.44,0,0,0,0,0,5900000.0,215014.5772594752,0.0,0,2019,4,1951.0,1,1,0
872,7.1,Quotient,106.0,88.27000000000002,2,2,1,1,1,18100000.0,205052.6792794834,0.0,0,2019,3,1913.0,1,1,0
873,10.88,Quotient,106.0,130.86,3,2,2,1,1,28600000.0,218554.1800397371,0.0,0,2019,4,1913.0,1,1,0
874,10.04,Quotient,75.0,102.06,3,1,2,1,0,13600000.0,133254.94806976288,0.0,0,2019,4,1944.0,1,1,0
876,15.34,Address,65.0,51.41,2,1,1,1,0,5660000.0,110095.3121960708,0.0,0,2019,4,1954.0,1,1,0
877,14.31,Quotient,108.0,191.73,3,2,2,1,1,31280000.0,163146.09085693426,43.22,2800000,2019,3,1911.0,2,1,1
878,9.48,Quotient,108.0,133.68,2,2,1,1,1,21360000.0,159784.56014362656,39.8,2000000,2019,4,1911.0,2,1,1
879,8.91,Address,72.0,60.44,2,2,1,1,1,7000000.0,115817.33951025813,0.0,0,2019,3,1947.0,1,1,0
880,27.0,Address,60.0,99.71,0,0,0,0,0,27146000.0,272249.52361849364,0.0,0,2019,3,1959.0,1,1,0
881,41.75,Address,61.0,120.0,5,1,2,1,0,12000000.0,100000.0,0.0,0,2019,4,1958.0,1,1,0
886,20.47,Quotient,104.0,204.29,3,2,2,1,1,34500000.0,168877.5759949092,38.76,0,2019,4,1915.0,1,1,1
933,33.67,Quotient,0.0,75.02,0,0,0,0,0,9500000.0,126632.89789389494,0.0,0,2019,4,2019.0,1,1,0
959,3.47,Address,75.0,25.99,0,0,0,1,1,1810000.0,69642.17006540978,0.0,1810000,2019,4,1944.0,0,0,1
960,38.02,Address,101.0,176.04,3,2,2,1,1,25500000.0,144853.44239945468,0.0,0,2019,4,1918.0,1,1,1
1035,37.86,Address,100.0,177.63,3,2,2,1,1,26392639.0,148582.10324832518,0.0,0,2019,4,1919.0,2,1,1
1038,13.33,Address,86.0,77.25,3,2,2,1,1,4000000.0,51779.935275080905,0.0,0,2019,4,1933.0,2,1,0
1039,15.6,Quotient,108.0,188.49,3,2,2,1,0,24330000.0,129078.4657010982,43.59,2200000,2019,4,1911.0,1,1,1
1042,36.61,Address,101.0,183.32,3,2,2,1,1,26100000.0,142373.99083569716,0.0,0,2019,4,1918.0,1,1,0
1044,12.76,Address,72.0,124.97,3,2,2,1,1,13950000.0,111626.79042970312,0.0,0,2019,3,1947.0,1,1,0
1045,11.36,Quotient,106.0,158.73000000000005,3,2,2,1,1,30700000.0,193410.1934101934,27.87,0,2019,4,1913.0,1,1,1
1049,0.0,Others,107.0,96.35,1,2,1,1,1,5229370.0,54274.7275557862,33.69,1428000,2019,4,1912.0,0,1,3
1050,41.39,Address,102.0,159.86,3,2,2,1,1,22000000.0,137620.41786563242,0.0,0,2019,3,1917.0,1,1,1
1079,66.0,Address,0.0,100.0,4,3,4,1,0,16000000.0,160000.0,0.0,0,2019,4,2019.0,1,2,0
1080,77.0,Address,0.0,116.7,3,2,3,1,0,24350000.0,208654.6700942588,0.0,0,2019,4,2019.0,1,2,0
1086,17.51,Address,79.16666666666667,63.09,3,1,1,1,1,9680000.0,153431.60564273258,0.0,0,2019,4,1939.833333333333,1,1,0
1089,13.88,Quotient,106.0,186.4,3,2,1,1,1,37000000.0,198497.8540772532,14.41,1000000,2019,3,1913.0,1,1,1
1090,3.94,Quotient,105.0,58.31,1,1,1,1,1,11800000.0,202366.66095009435,0.0,0,2019,4,1914.0,1,2,0
1145,8.38,Quotient,65.0,26.27,1,1,1,1,0,3000000.0,114198.70574800152,0.0,0,2019,4,1954.0,2,1,0
1146,5.35,Quotient,64.0,13.11,2,1,1,1,0,1460000.0,111365.36994660564,0.0,0,2019,4,1955.0,1,1,0
1243,14.47,Quotient,108.0,178.04000000000005,3,2,2,1,0,23500000.0,131992.81060435856,43.59,2380000,2019,3,1911.0,1,1,1
1244,13.25,Quotient,106.0,184.2,4,2,2,1,1,31880000.0,173072.7470141151,27.87,2450000,2019,4,1913.0,1,1,1
1245,10.88,Quotient,106.0,130.86,3,2,2,1,1,28600000.0,218554.1800397371,0.0,0,2019,4,1913.0,1,1,0
1246,5.6,Quotient,76.0,73.11,2,2,1,1,0,12500000.0,170975.24278484474,0.0,0,2019,4,1943.0,3,2,0
1247,41.0,Quotient,0.0,38.61,1,1,1,1,0,6630000.0,171717.17171717173,0.0,0,2019,3,2019.0,1,1,0
1248,21.0,Address,70.0,74.33,2,2,1,1,0,6900000.0,92829.27485537466,0.0,0,2019,4,1949.0,1,1,0
1249,24.0,Address,70.0,83.84,3,1,1,1,0,7600000.0,90648.85496183202,0.0,0,2019,4,1949.0,1,1,0
1280,21.35,Address,63.0,69.13,2,1,1,1,0,7000000.0,101258.49848112251,0.0,0,2019,4,1956.0,1,1,0
1282,16.14,Address,70.0,76.05,3,2,2,1,0,8200000.0,107823.80013149245,0.0,0,2019,4,1949.0,1,1,0
1283,12.46,Address,0.0,0.0,0,0,0,1,0,52278.0,4195.666131621188,0.0,0,2019,4,2019.0,4,0,0
1284,16.78,Address,79.16666666666667,59.84,2,1,1,1,1,7800000.0,130347.5935828877,0.0,0,2019,4,1939.833333333333,1,1,0
1285,12.22,Quotient,67.0,100.07,1,1,1,1,1,14500000.0,144898.57100029974,0.0,0,2019,4,1952.0,11,3,0
1286,36.34,Address,101.0,181.68,3,2,2,1,1,27200000.0,149713.78247468075,0.0,0,2019,4,1918.0,1,1,1
1289,16.31,Quotient,103.0,209.95,3,2,2,1,1,39800000.0,189568.94498690165,39.83,0,2019,4,1916.0,1,1,2
1290,14.63,Quotient,95.0,179.69,4,2,2,1,1,29000000.0,161389.05893483222,0.0,0,2019,4,1924.0,1,1,1
1311,2.02,Quotient,85.0,24.29,1,1,1,1,1,4400000.0,181144.50391107448,0.0,0,2019,4,1934.0,2,1,0
1349,25.0,Quotient,58.0,136.62,0,0,0,0,0,25000000.0,182989.31342409606,0.0,0,2019,4,1961.0,4,1,0
1373,2.58,Quotient,93.0,33.34,1,0,1,1,1,5900000.0,176964.60707858426,0.0,0,2019,4,1926.0,1,1,0
1438,21.05,Quotient,72.0,97.88,3,2,2,1,1,13500000.0,137923.98855741727,0.0,0,2019,4,1947.0,3,1,0
1440,4.46,Quotient,69.0,26.43,1,1,1,1,0,2550000.0,96481.27128263336,0.0,0,2019,4,1950.0,1,1,0
1443,6.76,Quotient,79.0,28.46,1,1,1,1,0,4600000.0,161630.35839775126,0.0,0,2019,4,1940.0,1,1,0
1444,5.12,Quotient,106.0,68.25,2,1,1,1,1,12500000.0,183150.18315018318,0.0,0,2019,4,1913.0,1,1,0
1445,9.32,Quotient,108.0,136.68,2,2,1,1,1,22450000.0,164252.26807140766,43.22,2650000,2019,4,1911.0,2,1,1
1446,9.15,Quotient,108.0,133.85,2,1,1,1,1,23000000.0,171834.14269704896,43.22,2350000,2019,4,1911.0,2,1,1
1447,8.73,Quotient,106.0,154.95,2,2,2,1,1,21768200.0,140485.31784446596,38.89,0,2019,4,1913.0,1,1,1
1448,5.12,Other,69.0,32.55,2,1,1,1,1,3100000.0,95238.09523809524,0.0,0,2019,4,1950.0,1,1,0
1449,5.12,Other,69.0,32.55,1,1,1,1,1,3100000.0,95238.09523809524,0.0,0,2019,4,1950.0,1,1,0
1463,17.5,Quotient,63.0,29.13,1,2,1,1,0,4300000.0,147614.14349467904,0.0,0,2019,4,1956.0,8,1,0
1464,9.34,Quotient,108.0,115.04,2,2,1,1,0,16880000.0,146731.5716272601,27.98,1500000,2019,3,1911.0,1,1,1
1465,18.0,Quotient,75.0,64.27,1,1,1,1,0,10000000.0,155593.58954411082,0.0,0,2019,4,1944.0,1,1,0
1466,32.08,Address,86.0,183.25,4,2,2,1,1,20500000.0,111869.03137789904,0.0,0,2019,3,1933.0,2,1,0
1467,12.2,Quotient,91.0,64.25,2,2,1,1,1,10250000.0,159533.0739299611,0.0,0,2019,4,1928.0,1,1,0
1471,47.75,Address,102.0,184.56,3,2,2,1,1,28500000.0,154421.3263979194,0.0,0,2019,4,1917.0,1,1,1
1473,11.02,Quotient,100.0,157.98000000000005,3,2,2,1,1,26068000.0,165008.22888973285,11.43,0,2019,4,1919.0,1,1,1
1534,26.25,Address,66.0,80.65,1,0,1,1,0,8350000.0,103533.78797272164,0.0,0,2019,3,1953.0,1,1,0
1535,1.21,Quotient,67.0,19.53,0,0,0,0,1,1000000.0,51203.27700972863,0.0,0,2019,4,1952.0,1,1,0
1558,4.06,Quotient,95.0,41.13,1,1,1,1,1,10100000.0,245562.84950158035,0.0,0,2019,4,1924.0,1,1,0
1559,10.38,Address,57.0,28.05,2,1,1,1,0,3700000.0,131907.3083778966,0.0,0,2019,4,1962.0,4,1,0
1613,2.85,Quotient,85.0,33.760000000000005,1,1,1,1,1,5380000.0,159360.1895734597,0.0,0,2019,4,1934.0,2,1,0
1615,12.4,Address,79.16666666666667,46.08,2,1,1,1,1,6700000.0,145399.30555555553,0.0,0,2019,4,1939.833333333333,1,1,0
1618,15.14,Quotient,106.0,208.71,4,2,3,1,1,37500000.0,179675.1473336208,27.87,2650000,2019,4,1913.0,1,1,1
1619,62.0,Quotient,0.0,35.87,1,2,1,1,0,18000000.0,501812.09924728185,0.0,0,2019,4,2019.0,1,1,0
1621,15.23,Address,0.0,0.0,0,0,0,1,0,63896.0,4195.403808273145,0.0,0,2019,4,2019.0,4,0,0
1646,8.89,Quotient,106.0,153.26999999999995,2,2,2,1,1,22500000.0,146799.7651203758,35.18,0,2019,4,1913.0,1,1,1
1647,58.0,Address,0.0,76.8,4,2,2,1,0,10000000.0,130208.33333333336,0.0,0,2019,4,2019.0,1,1,0
1648,14.13,Address,69.95238095238095,37.87,2,1,1,1,0,5000000.0,132030.6311064167,0.0,0,2019,4,1949.047619047619,2,1,0
1649,15.39,Address,104.0,122.55,2,2,1,1,1,15150000.0,123623.01101591185,29.93,0,2019,4,1915.0,1,1,1
1651,9.94,Quotient,106.0,149.42,3,2,2,1,1,27300000.0,182706.46499799227,27.87,0,2019,4,1913.0,1,1,1
1652,26.5,Address,64.0,77.3,3,2,1,1,0,10900000.0,141009.0556274256,0.0,0,2019,4,1955.0,2,1,0
1654,0.0,Others,61.0,47.38,2,1,1,1,0,1000000.0,21105.951878429718,0.0,0,2019,4,1958.0,0,1,0
1660,0.0,Others,75.0,74.86,2,1,1,1,1,2200000.0,29388.19129040876,0.0,0,2019,4,1944.0,0,1,0
1662,61.33,Quotient,0.0,0.0,0,0,0,1,0,27900000.0,454916.0280450025,0.0,0,2019,4,2019.0,1,0,0
1748,27.0,Address,67.0,66.63,4,2,3,1,0,9480000.0,142278.25303917154,0.0,0,2019,4,1952.0,1,1,0
1807,1.53,Quotient,81.0,15.0,0,0,0,1,0,1500000.0,100000.0,0.0,1500000,2019,4,1938.0,0,0,1
1848,10.03,Quotient,83.0,91.3,3,2,1,1,1,11680000.0,127929.90142387732,0.0,0,2019,3,1936.0,1,1,0
1849,4.27,Quotient,67.0,34.97,1,1,1,1,0,4640000.0,132685.1587074635,0.0,0,2019,4,1952.0,1,1,0
1850,29.46,Quotient,78.0,149.99,3,2,2,1,1,18500000.0,123341.55610374025,0.0,0,2019,4,1941.0,1,1,0
1851,22.75,Address,63.56521739130435,82.58,2,2,1,1,0,8500000.0,102930.49164446598,0.0,0,2019,4,1955.434782608696,1,1,0
1852,32.15,Other,71.0,90.45,3,1,1,1,0,9000000.0,99502.48756218904,0.0,0,2019,4,1948.0,8,1,0
1854,6.21,Quotient,69.0,47.74,2,1,1,1,1,4880000.0,102220.36028487641,0.0,0,2019,4,1950.0,1,1,0
1913,2.0,Quotient,71.0,17.37,1,0,1,1,1,2370000.0,136442.14162348874,0.0,0,2019,4,1948.0,1,1,0
1937,30.71,Address,100.0,198.28,3,2,2,1,1,34680000.0,174904.1759128505,38.37,2500000,2019,4,1919.0,1,1,1
1995,2.37,Quotient,85.0,27.790000000000006,1,1,1,1,1,4400000.0,158330.33465275276,0.0,0,2019,4,1934.0,2,1,0
1996,14.98,Quotient,108.0,199.16,3,2,2,1,1,35360000.0,177545.69190600523,43.22,2400000,2019,4,1911.0,2,1,1
2000,40.0,Address,67.0,128.25,4,2,2,1,0,13500000.0,105263.15789473684,0.0,0,2019,4,1952.0,4,1,0
2001,15.93,Address,107.0,117.97,2,2,1,1,1,17700000.0,150038.14529117572,35.21,2300000,2016,3,1909.0,1,1,1
2031,14.55,Other,69.0,90.61,3,1,1,1,1,8700000.0,96015.89228561967,0.0,0,2019,4,1950.0,1,1,0
2032,3.66,Quotient,69.0,34.71,1,1,1,1,1,4000000.0,115240.56467876694,0.0,0,2019,4,1950.0,1,1,0
2033,13.91,Quotient,97.0,178.05,3,2,2,1,1,27000000.0,151642.79696714404,0.0,400000,2019,3,1922.0,1,1,2
2035,12.8,Quotient,65.0,52.98,2,2,1,1,0,7470000.0,140996.60249150626,0.0,0,2019,4,1954.0,2,1,0
2036,23.75,Quotient,63.0,79.15,2,2,3,1,0,13000000.0,164245.10423246998,0.0,0,2019,4,1956.0,1,1,0
2041,12.78,Quotient,106.0,155.91,4,2,2,1,1,30800000.0,197549.86851388626,0.0,0,2019,4,1913.0,1,1,0
2223,29.25,Address,62.0,97.68,0,0,0,0,0,8500000.0,87018.83701883702,0.0,0,2019,4,1957.0,1,1,0
2226,17.37,Quotient,106.0,230.32,4,2,1,1,1,43900000.0,190604.37651962487,14.41,1000000,2019,4,1913.0,1,1,1
2272,3.31,Quotient,106.0,37.92,0,0,0,0,1,7350000.0,193829.11392405067,0.0,0,2019,4,1913.0,1,1,0
2274,104.0,Quotient,0.0,188.44,0,0,0,0,0,45000000.0,238802.80195287624,0.0,0,2019,3,2019.0,2,1,0
2275,2.89,Quotient,67.0,25.56,1,1,1,1,1,2825000.0,110524.25665101723,0.0,0,2019,4,1952.0,1,1,0
2276,2.89,Quotient,67.0,25.56,1,1,1,1,1,2825000.0,110524.25665101723,0.0,0,2019,4,1952.0,1,1,0
2279,38.02,Address,101.0,176.04,3,2,2,1,1,25200000.0,143149.28425357875,0.0,0,2019,4,1918.0,1,1,1
2280,4.14,Quotient,91.0,43.97,0,1,1,1,1,7700000.0,175119.39959062994,0.0,0,2019,4,1928.0,1,1,0
2281,20.74,Other,70.0,87.78999999999998,2,2,2,1,0,13360000.0,152181.3418384782,0.0,0,2019,4,1949.0,1,1,0
2283,15.15,Quotient,82.0,193.7,4,2,2,1,1,26800000.0,138358.2860092927,0.0,2800000,2019,4,1937.0,2,1,1
2285,15.23,Address,0.0,0.0,0,0,0,1,0,63896.0,4195.403808273145,0.0,0,2019,4,2019.0,4,0,0
2286,9.32,Quotient,108.0,136.68,2,2,1,1,1,21900000.0,160228.27041264265,43.22,2800000,2019,4,1911.0,2,1,1
2464,8.21,Quotient,100.0,110.42,2,2,2,1,1,6700000.0,60677.41351204492,20.38,0,2019,4,1919.0,1,1,1
2465,22.05,Quotient,100.0,317.81,3,2,4,1,1,53600000.0,168654.22736855355,23.9,0,2019,4,1919.0,1,1,1
2471,26.17,Address,66.0,108.97,4,2,2,1,0,10500000.0,96356.79544828851,0.0,0,2019,4,1953.0,2,1,0
2473,3.79,Quotient,101.0,49.13,1,1,1,1,1,10000000.0,203541.62426216164,0.0,0,2019,4,1918.0,1,1,0
2477,1.96,Quotient,85.0,23.7,0,0,0,0,1,4800000.0,202531.64556962025,0.0,0,2019,3,1934.0,2,1,0
2503,4.47,Quotient,108.0,62.34,2,1,1,1,0,11170000.0,179178.6974655117,0.0,0,2019,4,1911.0,1,1,0
2504,4.37,Quotient,108.0,60.83,2,1,1,1,0,11400000.0,187407.5291796811,0.0,0,2019,4,1911.0,1,1,0
2505,4.5,Quotient,108.0,62.63,2,1,1,1,0,11930000.0,190483.79370908512,0.0,0,2019,4,1911.0,1,1,0
2506,4.47,Quotient,108.0,62.34,2,1,1,1,0,11880000.0,190567.85370548605,0.0,0,2019,4,1911.0,1,1,0
2507,4.54,Quotient,108.0,75.31,2,1,1,1,0,12700000.0,168636.30327977688,12.96,900000,2019,4,1911.0,1,1,1
2508,5.04,Quotient,108.0,82.25999999999998,2,1,1,1,0,13600000.0,165329.44322878678,12.96,900000,2019,4,1911.0,1,1,1
2509,6.41,Quotient,108.0,89.43,2,1,1,1,0,16000000.0,178910.88001789106,0.0,0,2019,4,1911.0,1,1,0
2510,6.59,Quotient,108.0,91.85,2,1,1,1,0,16000000.0,174197.06042460536,0.0,0,2019,4,1911.0,1,1,0
2511,4.54,Quotient,108.0,77.16999999999999,2,1,1,1,0,13360000.0,173124.27108980177,14.83,1400000,2019,4,1911.0,1,1,1
2512,4.04,Quotient,108.0,56.27,1,1,1,1,0,10000000.0,177714.5903678692,0.0,0,2019,4,1911.0,1,1,0
2513,3.22,Quotient,108.0,45.0,1,1,1,1,0,8070000.0,179333.33333333337,0.0,0,2019,4,1911.0,1,1,0
2514,4.39,Quotient,108.0,61.15000000000001,1,1,1,1,0,10550000.0,172526.57399836465,0.0,0,2019,4,1911.0,1,1,0
2515,6.42,Quotient,108.0,124.44,2,1,1,1,0,18450000.0,148264.2237222758,37.02,2600000,2019,4,1911.0,1,1,1
2516,13.04,Quotient,108.0,216.66,0,0,0,0,0,37000000.0,170774.48536878062,37.02,3000000,2019,4,1911.0,1,1,1
2517,12.95,Quotient,108.0,214.59,0,0,0,0,0,37000000.0,172421.82767137332,37.02,3000000,2019,4,1911.0,1,1,1
2521,6.42,Quotient,108.0,124.44,2,1,1,1,0,17400000.0,139826.4223722276,37.02,2100000,2019,4,1911.0,1,1,1
2522,5.95,Quotient,108.0,82.94,2,1,1,1,0,15300000.0,184470.70171208106,0.0,0,2019,4,1911.0,1,1,0
2523,4.37,Quotient,108.0,60.83,2,1,1,1,0,11000000.0,180831.82640144665,0.0,0,2019,4,1911.0,1,1,0
2524,6.42,Quotient,108.0,124.44,2,1,1,1,0,18210000.0,146335.58341369336,37.02,2600000,2019,4,1911.0,1,1,1
2525,6.55,Quotient,108.0,126.46,2,1,1,1,0,18500000.0,146291.31741262056,37.02,2200000,2019,4,1911.0,1,1,1
2526,10.28,Quotient,108.0,192.24,3,2,2,1,0,31000000.0,161256.7623803579,51.85,3900000,2019,4,1911.0,1,1,2
2527,4.61,Quotient,108.0,64.17,2,1,1,1,0,12300000.0,191678.35437120148,0.0,0,2019,4,1911.0,1,1,0
2528,6.73,Quotient,108.0,128.87,2,1,1,1,0,18000000.0,139675.64211996587,37.02,2500000,2019,4,1911.0,1,1,1
2529,6.28,Quotient,108.0,122.76,2,2,1,1,0,18580000.0,151352.2319973933,37.02,2200000,2019,4,1911.0,1,1,1
2530,5.98,Quotient,108.0,83.39,2,1,1,1,0,14270000.0,171123.63592756927,0.0,0,2019,4,1911.0,1,1,0
2531,10.08,Quotient,108.0,175.35000000000005,3,2,2,1,0,30500000.0,173937.83860849726,37.02,2700000,2019,4,1911.0,1,1,1
2532,4.97,Quotient,108.0,69.28999999999999,2,1,1,1,0,13300000.0,191946.88988310003,0.0,0,2019,4,1911.0,1,1,0
2533,4.39,Quotient,108.0,61.15000000000001,1,1,1,1,0,11280000.0,184464.43172526566,0.0,0,2019,4,1911.0,1,1,0
2534,6.55,Quotient,108.0,126.46,2,1,1,1,0,18180000.0,143760.8730033212,37.02,2500000,2019,4,1911.0,1,1,1
2535,6.41,Quotient,108.0,89.43,2,1,1,1,0,16270000.0,181930.00111819297,0.0,0,2019,4,1911.0,1,1,0
2536,6.21,Quotient,108.0,98.7,2,1,1,1,0,16780000.0,170010.1317122594,12.96,1200000,2019,4,1911.0,1,1,1
2538,11.46,Address,64.0,38.31,0,0,0,0,1,3800000.0,99190.81179848603,0.0,0,2019,4,1955.0,2,1,0
2539,11.75,Address,64.0,38.31,1,1,1,1,0,2000000.0,52205.69042025581,0.0,0,2019,4,1955.0,1,1,0
2544,4.34,Quotient,82.25,47.36,0,0,0,0,1,4500000.0,95016.8918918919,0.0,0,2019,3,1936.75,11,1,0
2570,5.59,Quotient,102.0,90.32,3,2,2,1,1,13230000.0,146479.18511957483,16.51,0,2019,4,1917.0,1,1,1
2571,108.0,Address,65.0,322.4,0,0,0,0,0,32600000.0,101116.62531017372,0.0,0,2019,4,1954.0,1,4,0
2686,53.48,Address,102.0,206.68,4,2,2,1,1,29200000.0,141281.20766402167,0.0,0,2019,4,1917.0,1,1,1
2687,33.16,Address,87.0,145.0,3,2,2,1,1,18500000.0,127586.20689655172,0.0,0,2019,4,1932.0,1,1,1
2691,21.33,Other,0.0,50.15,2,1,1,1,0,6600000.0,131605.18444666002,0.0,0,2019,4,2019.0,2,1,0
2722,25.64,Quotient,72.0,169.71,4,2,2,1,0,9200000.0,54210.12315125803,0.0,0,2019,4,1947.0,1,1,0
2723,12.64,Quotient,64.0,37.59,2,1,1,1,0,6000000.0,159616.9193934557,0.0,0,2019,4,1955.0,2,1,0
2724,29.12,Quotient,61.0,110.45,0,0,0,0,0,15000000.0,135808.0579447714,0.0,0,2019,4,1958.0,2,2,0
2725,16.41,Address,72.0,93.13,3,1,1,1,0,11300000.0,121335.76720712984,0.0,0,2019,4,1947.0,3,1,0
2726,37.48,Address,68.0,32.26,5,3,2,1,0,6300000.0,195288.28270303784,0.0,0,2019,4,1951.0,1,1,0
2727,17.72,Address,69.95238095238095,70.7,1,1,1,1,0,9080000.0,128429.98585572846,0.0,0,2019,4,1949.047619047619,1,1,0
2728,34.85,Address,70.0,120.38,3,2,2,1,0,10700000.0,88885.19687655757,0.0,0,2019,4,1949.0,1,1,0
2729,20.51,Quotient,70.0,103.8,3,2,2,1,0,12500000.0,120423.89210019268,0.0,0,2019,4,1949.0,2,1,0
2730,3.86,Quotient,90.0,49.17,0,0,0,0,1,7100000.0,144396.99003457392,22.7,0,2019,4,1929.0,1,1,2
2752,9.48,Quotient,108.0,137.07,2,2,1,1,1,21480000.0,156708.2512584811,43.22,1900000,2019,3,1911.0,2,1,1
2815,25.2,Address,0.0,0.0,0,0,0,1,0,506661.0,20105.59523809524,0.0,0,1986,3,1986.0,1,0,0
2816,0.92,Quotient,76.0,5.03,0,0,0,0,1,930000.0,184890.65606361828,0.0,0,2019,4,1943.0,1,1,0
2859,11.36,Address,69.95238095238095,38.37,2,1,1,1,0,4000000.0,104248.11050299712,0.0,0,2019,4,1949.047619047619,2,1,0
2870,3.73,Other,101.0,48.49,1,1,1,1,1,8800000.0,181480.7176737472,0.0,0,2019,4,1918.0,1,1,0
2873,108.0,Quotient,0.0,254.65,5,2,4,1,0,68000000.0,267033.18279992143,0.0,0,2019,4,2019.0,2,1,0
2876,11.55,Quotient,97.0,133.15,3,2,2,1,1,23700000.0,177994.74277131056,0.0,0,2019,4,1922.0,1,1,0
2877,15.15,Quotient,108.0,172.87,3,2,2,1,0,25000000.0,144617.342511714,27.98,1800000,2019,4,1911.0,1,1,1
2878,52.0,Address,62.0,163.64,3,3,4,1,0,24500000.0,149718.89513566365,0.0,0,2019,3,1957.0,1,1,0
2879,16.38,Quotient,84.0,127.0,0,2,1,1,1,18400000.0,144881.88976377953,0.0,0,2019,4,1935.0,1,1,0
2880,35.9,Address,72.0,127.84,3,1,2,1,0,15000000.0,117334.16770963705,0.0,0,2019,4,1947.0,1,1,0
2905,0.78,Address,96.0,21.26,0,0,0,1,1,1000000.0,47036.688617121355,0.0,0,2019,4,1923.0,0,0,1
2908,47.5,Address,102.0,183.57,3,2,2,1,1,29500000.0,160701.63970147632,0.0,0,2019,4,1917.0,1,1,1
2941,61.0,Address,0.0,81.42,3,2,3,1,0,16000000.0,196511.91353475806,0.0,0,2019,4,2019.0,1,1,0
2942,14.33,Quotient,0.0,0.0,0,0,0,1,0,7355536.0,513296.30146545713,0.0,0,2019,4,2019.0,2,0,0
2943,14.0,Quotient,63.0,33.56,1,1,1,1,0,4800000.0,143027.41358760427,0.0,0,2019,4,1956.0,1,1,0
3074,17.2,Other,70.0,112.6,3,2,2,1,1,3600000.0,31971.580817051512,0.0,0,2019,4,1949.0,1,1,0
3077,21.0,Quotient,70.0,108.64,3,2,2,1,0,12400000.0,114138.43888070693,0.0,0,2019,4,1949.0,2,1,0
3079,3.94,Quotient,105.0,58.31,1,1,1,1,1,10300000.0,176642.08540559077,0.0,0,2019,4,1914.0,1,1,0
3080,10.51,Other,69.0,66.19,2,1,1,1,1,7500000.0,113310.16769904821,0.0,0,2019,4,1950.0,1,1,0
3082,1.99,Quotient,66.0,24.35,1,1,1,1,1,2800000.0,114989.73305954825,0.0,0,2019,4,1953.0,1,1,0
3103,12.06,Quotient,64.0,36.4,1,1,1,1,1,6500000.0,178571.42857142858,0.0,0,2019,4,1955.0,1,1,0
3104,11.68,Quotient,74.0,85.97,2,2,1,1,1,9500000.0,110503.66406886122,0.0,0,2019,4,1945.0,1,1,0
3106,40.54,Address,100.0,190.14,3,2,2,1,1,28018888.0,147359.25107815294,0.0,0,2019,4,1919.0,2,1,1
3107,16.0,Address,0.0,15.51,5,2,2,1,0,2700000.0,174081.23791102515,0.0,0,2019,4,2019.0,2,1,0
3108,14.0,Address,66.0,75.89,2,2,1,1,0,7000000.0,92238.76663592043,0.0,0,2019,4,1953.0,2,1,0
3109,10.62,Quotient,67.27272727272727,84.76,0,0,0,0,0,6000000.0,70788.10759792356,0.0,0,2019,4,1951.7272727272727,1,1,0
3127,31.61,Quotient,94.0,320.69,0,0,0,0,0,24663372.0,76907.20633633727,53.19,0,2019,3,1925.0,1,1,2
3128,31.61,Quotient,94.0,326.9,0,0,0,0,0,24663372.0,75446.22820434385,59.4,0,2019,3,1925.0,1,1,2
3129,31.61,Quotient,94.0,327.83,0,0,0,0,0,24663372.0,75232.19961565446,60.34,0,2019,3,1925.0,1,1,2
3130,22.59,Quotient,94.0,207.4,0,0,0,0,0,17666376.0,85180.21215043396,15.7,0,2019,3,1925.0,1,1,1
3131,31.67,Quotient,94.0,328.31,0,0,0,0,0,24902548.0,75850.71426395784,60.34,0,2019,3,1925.0,1,1,2
3132,27.98,Quotient,94.0,296.93,0,0,0,0,0,21982664.0,74033.15259488768,60.34,0,2019,3,1925.0,1,1,2
3133,19.54,Quotient,94.0,181.71,0,0,0,0,0,15458296.0,85071.24539100764,15.7,0,2019,3,1925.0,1,1,1
3220,8.72,Quotient,72.0,68.92,2,2,1,1,0,10850000.0,157428.90307603017,0.0,0,2019,4,1947.0,1,1,0
3276,1.51,Quotient,82.0,36.98,0,0,0,1,1,1950000.0,52731.206057328294,0.0,1950000,2019,4,1937.0,0,0,1
3277,10.0,Quotient,0.0,0.0,0,0,0,1,0,4237200.0,423720.0,0.0,0,2019,4,2019.0,1,0,0
3301,17.95,Quotient,64.0,45.88,2,1,1,1,0,6900000.0,150392.32781168266,0.0,0,2019,3,1955.0,1,1,0
3302,37.86,Address,100.0,177.47,3,2,2,1,1,26898899.0,151568.71020454162,0.0,0,2019,4,1919.0,2,1,1
3303,4.59,Quotient,96.0,63.0,1,1,1,1,1,9900000.0,157142.85714285713,10.8,0,2019,4,1923.0,1,1,1
3305,35.6,Address,73.0,135.99,3,2,2,1,0,15800000.0,116185.01360394145,0.0,0,2019,4,1946.0,1,1,0
3307,25.25,Address,58.0,68.25,2,2,1,1,0,7600000.0,111355.31135531137,0.0,0,2019,4,1961.0,1,1,0
3308,8.83,Quotient,108.0,158.06,0,0,0,0,0,46400000.0,293559.40781981533,37.02,2500000,2019,4,1911.0,1,1,1
3309,6.68,Quotient,108.0,128.2,2,2,1,1,0,19800000.0,154446.1778471139,37.02,2480000,2019,4,1911.0,1,1,1
3310,4.01,Quotient,108.0,56.04,1,1,1,1,0,10680000.0,190578.1584582441,0.0,0,2019,4,1911.0,1,1,0
3311,4.54,Quotient,108.0,76.28999999999998,2,1,1,1,0,13680000.0,179315.76877703503,13.95,1400000,2019,4,1911.0,1,1,1
3312,4.37,Quotient,108.0,60.83,2,1,1,1,0,13350000.0,219464.0802235739,0.0,0,2019,4,1911.0,1,1,0
3313,6.16,Quotient,108.0,86.11,2,2,1,1,0,18890000.0,219370.57252351646,0.0,0,2019,4,1911.0,1,1,0
3314,12.84,Quotient,108.0,214.06,0,0,0,0,0,36300000.0,169578.62281603288,37.02,2600000,2019,4,1911.0,1,1,1
3315,4.37,Quotient,108.0,60.83,2,1,1,1,0,12000000.0,197271.08334703275,0.0,0,2019,4,1911.0,1,1,0
3316,6.48,Quotient,108.0,102.4,2,1,1,1,0,15680000.0,153125.0,12.96,1000000,2019,4,1911.0,1,1,1
3317,6.66,Quotient,108.0,104.81,2,1,1,1,0,16130000.0,153897.52886174983,12.96,1000000,2019,4,1911.0,1,1,1
3341,36.6,Address,0.0,47.66,4,3,3,1,0,6300000.0,132186.31976500212,0.0,0,2019,4,2019.0,2,1,0
3489,4.35,Quotient,105.0,68.71000000000001,2,1,1,1,1,12000000.0,174647.06738466016,0.0,0,2019,4,1914.0,1,1,0
3491,0.0,Others,62.0,79.22,4,0,1,1,0,7500000.0,94673.06235799039,0.0,0,2019,4,1957.0,0,1,0
3492,4.23,Quotient,69.0,44.08,1,1,1,1,1,5350000.0,121370.23593466426,0.0,0,2019,4,1950.0,1,1,0
3510,50.0,Address,0.0,58.72,3,2,2,1,0,14210000.0,241995.9128065395,0.0,0,2019,4,2019.0,1,1,0
3511,27.09,Address,71.0,115.3,3,2,2,1,1,16200000.0,140503.03555941026,0.0,0,2019,4,1948.0,1,1,0
3512,19.09,Quotient,104.0,190.64,3,2,2,1,1,27270000.0,143044.48174569872,38.76,0,2019,4,1915.0,1,1,1
3513,9.34,Quotient,108.0,115.04,2,2,2,1,0,16200000.0,140820.58414464534,27.98,1800000,2019,4,1911.0,1,1,1
3536,28.82,Address,105.0,231.27,3,2,3,1,1,37800000.0,163445.3236476845,26.9,0,2019,4,1914.0,1,1,1
3538,13.33,Address,0.0,38.16,1,1,1,1,0,4780000.0,125262.05450733755,0.0,0,2019,4,2019.0,1,1,0
3573,3.68,Quotient,93.0,46.85,1,1,1,1,1,9600000.0,204909.2849519744,0.0,0,2019,4,1926.0,1,1,0
3641,353.0,Quotient,0.0,488.61,6,6,3,1,0,368400000.0,753975.5633327194,0.0,0,2019,2,2019.0,2,3,0
3657,53.48,Address,102.0,206.69,4,2,2,1,1,32000000.0,154821.2298611447,0.0,0,2019,4,1917.0,1,1,1
3659,8.7,Quotient,86.0,133.45000000000002,2,2,2,1,1,20700000.0,155114.27500936677,0.0,0,2019,4,1933.0,1,1,1
3661,0.57,Address,76.0,45.69,0,0,0,1,1,2030000.0,44429.853359597284,0.0,2030000,2019,4,1943.0,0,0,1
3662,21.42,Address,71.0,81.66,2,2,1,1,0,11400000.0,139603.23291697286,0.0,0,2019,4,1948.0,1,1,0
3674,13.12,Quotient,67.0,89.19,3,2,2,1,1,16000000.0,179392.30855477075,0.0,0,2019,4,1952.0,3,1,0
3675,22.53,Address,56.0,56.13,3,2,1,1,1,6800000.0,121147.33654017457,0.0,0,2019,4,1963.0,1,1,0
3677,19.2,Quotient,93.0,209.42,4,2,2,1,1,30400000.0,145162.83067519814,39.47,0,2019,4,1926.0,1,1,1
3724,9.66,Quotient,97.0,117.4,1,2,1,1,1,24600000.0,209540.03407155024,0.0,1500000,2019,4,1922.0,1,1,1
3725,6.44,Quotient,97.0,70.81,3,0,1,1,1,15400000.0,217483.4062985454,0.0,0,2019,4,1922.0,1,1,0
3754,20.68,Quotient,74.0,168.49,5,4,3,1,0,25500000.0,151344.29342987714,0.0,0,2019,4,1945.0,2,1,0
3799,21.6,Address,76.0,100.07,3,2,2,1,1,16200000.0,161886.67932447288,0.0,0,2019,4,1943.0,1,1,0
3800,25.98,Other,63.0,99.96,3,2,1,1,0,8500000.0,85034.01360544219,0.0,0,2019,4,1956.0,1,1,0
3803,47.5,Address,102.0,183.52,3,2,2,1,1,27000000.0,147122.92938099385,0.0,0,2019,4,1917.0,1,1,1
3819,42.0,Address,0.0,82.56,2,1,2,1,0,11500000.0,139292.63565891472,0.0,0,2019,4,2019.0,1,1,0
3820,43.0,Address,0.0,62.07,2,1,2,1,0,9000000.0,144997.58337361045,0.0,0,2019,4,2019.0,1,1,0
3821,32.74,Address,75.0,106.01,3,2,2,1,0,5500387.0,51885.54853315725,0.0,0,2019,4,1944.0,2,1,0
3822,25.32,Address,77.0,97.58,3,2,2,1,0,9900000.0,101455.2162328346,0.0,0,2019,4,1942.0,1,1,0
3823,17.94,Quotient,106.0,272.04999999999995,4,2,1,1,1,51480000.0,189229.92097040988,56.14,3500000,2019,4,1913.0,1,1,2
3826,39.0,Address,0.0,27.83,2,1,1,1,0,10120000.0,363636.36363636365,0.0,0,2019,4,2019.0,1,1,0
3827,39.0,Address,0.0,26.85,2,1,1,1,0,10120000.0,376908.7523277467,0.0,0,2019,4,2019.0,1,1,0
3828,41.64,Address,102.0,160.7,3,2,2,1,1,25700000.0,159925.32669570632,0.0,0,2019,4,1917.0,1,1,1
3855,13.34,Quotient,80.0,137.82,3,1,1,1,0,13500000.0,97953.85285154551,0.0,0,2019,4,1939.0,1,1,0
3890,22.07,Quotient,75.0,105.39,3,2,1,1,0,8600000.0,81601.66998766486,0.0,0,2019,4,1944.0,1,1,0
3891,23.6,Address,79.16666666666667,99.26,3,2,1,1,1,7000000.0,70521.86177715093,0.0,0,2019,4,1939.833333333333,1,1,0
3972,21.88,Address,106.0,171.73000000000005,3,2,2,1,1,23357000.0,136010.01572235484,0.0,0,2019,4,1913.0,1,1,1
3973,1.25,Quotient,71.0,11.58,0,0,0,0,1,1090000.0,94127.80656303973,0.0,0,2019,4,1948.0,1,1,0
3998,3.34,Quotient,69.0,30.71,1,1,1,1,1,4700000.0,153044.61087593617,0.0,0,2019,4,1950.0,11,1,0
3999,12.5,Quotient,79.0,32.19,1,1,1,1,0,3600000.0,111835.97390493943,0.0,0,2019,4,1940.0,1,1,0
4018,31.5,Address,61.0,86.37,2,1,1,1,0,8946000.0,103577.63112191732,0.0,0,2019,4,1958.0,1,1,0
4022,35.24,Address,97.0,164.82,3,2,2,1,1,23000000.0,139546.1715811188,0.0,0,2019,4,1922.0,4,1,0
4023,36.67,Address,60.0,89.7,3,2,1,1,0,9500000.0,105908.58416945374,0.0,0,2019,4,1959.0,1,1,0
4024,71.0,Quotient,0.0,0.0,0,0,0,1,0,49400000.0,695774.647887324,0.0,0,2019,4,2019.0,1,0,0
4025,234.0,Quotient,0.0,0.0,0,0,0,1,0,133600000.0,570940.170940171,0.0,0,2019,4,2019.0,1,0,0
4056,2.59,Quotient,66.0,29.49,1,1,1,1,1,3000000.0,101729.3997965412,0.0,0,2019,4,1953.0,3,1,0
4057,103.0,Address,0.0,80.26,0,2,1,1,0,21500000.0,267879.3919760777,0.0,0,2019,4,2019.0,2,1,0
4090,19.46,Quotient,104.0,190.64,3,2,2,1,1,32300000.0,169429.2908099035,38.76,2500000,2019,4,1915.0,1,1,1
4093,16.5,Quotient,62.0,59.1,2,1,1,1,0,6000000.0,101522.8426395939,0.0,0,2019,4,1957.0,2,1,0
4143,53.48,Address,102.0,206.69,4,2,2,1,1,12000000.0,58057.961197929275,0.0,0,2014,1,1912.0,1,1,1
4144,7.78,Quotient,100.0,90.99,3,2,2,1,1,10200000.0,112100.23079459283,0.0,0,2019,4,1919.0,1,1,0
4146,16.75,Address,106.0,137.93,2,2,2,1,1,18660000.0,135286.01464510986,0.0,0,2019,4,1913.0,1,1,1
4191,26.52,Quotient,84.0,79.19,0,0,0,0,0,31600000.0,399040.28286399797,0.0,0,2019,4,1935.0,1,1,0
4192,15.23,Address,57.0,42.91,2,1,1,1,1,4100000.0,95548.82311815428,0.0,0,2019,4,1962.0,4,1,0
4193,25.5,Address,63.0,101.25,3,2,1,1,0,7650000.0,75555.55555555556,0.0,0,2019,4,1956.0,1,1,0
4195,16.81,Other,63.0,64.68,2,1,1,1,0,5800000.0,89672.23252937537,0.0,0,2019,4,1956.0,1,1,0
4219,0.75,Quotient,86.0,45.12,0,0,0,1,1,2300000.0,50975.17730496454,0.0,2300000,2019,4,1933.0,0,0,1
4220,3.47,Quotient,70.0,29.84,1,1,1,1,0,3500000.0,117292.2252010724,0.0,0,2019,4,1949.0,3,1,0
4221,40.52,Address,97.0,189.3,3,2,2,1,1,24500000.0,129424.1944004226,0.0,0,2019,4,1922.0,4,1,0
4246,3.66,Quotient,83.0,31.5,1,1,1,1,1,4500000.0,142857.14285714287,0.0,0,2019,4,1936.0,1,1,0
4266,81.0,Quotient,0.0,190.23,8,0,8,1,0,38760000.0,203753.35120643434,0.0,0,2019,4,2019.0,2,1,0
4313,14.42,Address,71.0,60.38,2,2,1,1,1,10260000.0,169923.8158330573,0.0,0,2019,4,1948.0,1,1,0
4359,0.47,Quotient,99.0,29.32,0,0,0,1,1,2700000.0,92087.31241473397,29.32,2700000,2019,4,1920.0,0,0,1
4417,16.62,Address,72.0,56.39,3,2,2,1,0,3400000.0,60294.37843589289,0.0,0,2019,4,1947.0,1,1,0
4422,22.75,Address,60.0,68.36,1,1,1,1,0,11000000.0,160912.8145114102,0.0,0,2019,4,1959.0,1,1,0
4424,1.77,Quotient,66.0,21.92,1,0,1,1,1,2900000.0,132299.2700729927,0.0,0,2019,4,1953.0,1,1,0
4426,11.53,Quotient,64.0,31.37,1,1,1,1,0,4700000.0,149824.67325470195,0.0,0,2019,4,1955.0,2,1,0
4487,32.79,Address,103.0,338.91,3,2,2,1,1,52800000.0,155793.5735150925,0.0,0,2019,4,1916.0,1,1,4
4541,9.98,Quotient,76.0,58.29,1,1,1,1,1,9300000.0,159547.09212557902,0.0,0,2019,4,1943.0,1,1,0
4575,17.65,Address,84.0,135.58,2,2,1,1,1,14900000.0,109898.2150759699,60.56,2300000,2019,4,1935.0,1,1,1
4576,1.25,Other,0.0,0.0,0,0,0,1,0,229007.0,183205.6,0.0,0,2019,4,2019.0,1,0,0
4577,31.5,Address,0.0,0.0,0,0,0,1,0,5770993.0,183206.12698412695,0.0,0,2020,1,2020.0,1,0,0
4633,27.78,Address,75.0,158.36,1,0,1,1,0,16680000.0,105329.62869411467,0.0,0,2019,4,1944.0,2,1,0
4635,14.01,Quotient,108.0,162.43,3,2,2,1,0,22000000.0,135442.96004432678,27.98,1500000,2019,4,1911.0,1,1,1
4637,4.18,Quotient,66.0,42.58,1,1,1,1,1,4800000.0,112728.98074213248,0.0,0,2019,4,1953.0,1,1,0
4690,3.34,Quotient,96.0,44.73,1,1,1,1,1,7300000.0,163201.4308070646,0.0,0,2019,4,1923.0,2,1,0
4691,32.98,Address,106.0,274.81,4,2,2,1,1,55680000.0,202612.71423892872,55.34,5600000,2019,4,1913.0,2,2,2
4692,16.78,Address,79.16666666666667,59.84,3,1,1,1,1,8160000.0,136363.63636363635,0.0,0,2019,2,1939.833333333333,1,1,0
4693,3.1,Quotient,68.0,35.8,0,1,1,1,1,5550000.0,155027.93296089387,0.0,0,2019,2,1951.0,1,1,0
4696,14.05,Quotient,80.0,169.69,3,2,2,1,0,22500000.0,132594.7315693323,0.0,0,2019,4,1939.0,1,1,1
4697,140.0,Quotient,0.0,154.29,2,2,2,1,0,130000000.0,842569.1878929291,0.0,0,2019,4,2019.0,3,2,0
4698,42.0,Address,58.0,60.7,3,2,2,1,0,11500000.0,189456.34266886325,0.0,0,2019,4,1961.0,1,1,0
4701,4.27,Address,100.0,33.71,0,0,0,1,1,2600000.0,77128.44853159299,33.71,0,2019,1,1919.0,0,0,1
4770,26.5,Address,68.0,103.63,3,2,1,1,0,13960000.0,134710.0260542314,0.0,0,2019,4,1951.0,3,1,0
4840,112.0,Quotient,0.0,0.0,0,0,0,1,0,64372000.0,574750.0,0.0,0,2020,1,2020.0,1,0,0
4843,3.08,Quotient,0.0,4.05,0,0,0,0,0,2888000.0,713086.4197530864,0.0,0,2020,1,2020.0,1,1,0
4884,12.35,Address,66.0,67.39,2,1,1,1,0,6000000.0,89033.98130286393,0.0,0,2019,4,1953.0,2,1,0
4885,10.1,Quotient,108.0,175.86,3,2,2,1,0,30880000.0,175594.22267712952,37.02,3400000,2019,4,1911.0,1,1,1
4886,29.0,Quotient,0.0,24.77,1,1,1,1,0,5000000.0,201857.08518368995,0.0,0,2019,4,2019.0,1,1,0
4887,3.08,Quotient,0.0,4.05,0,0,0,0,0,2888000.0,713086.4197530864,0.0,0,2020,1,2020.0,1,1,0
4888,17.38,Address,72.0,118.46,2,2,2,1,0,13950000.0,117761.26962687825,0.0,0,2019,4,1947.0,2,1,0
4889,2.37,Quotient,85.0,27.790000000000006,1,0,1,1,1,4740000.0,170564.95142137454,0.0,0,2019,4,1934.0,2,1,0
4890,2.62,Quotient,75.75,22.15,0,0,0,0,1,2500000.0,112866.81715575623,0.0,0,2019,4,1943.25,3,1,0
4891,1.88,Quotient,66.0,19.1,1,1,1,1,1,2380000.0,124607.32984293195,0.0,0,2019,4,1953.0,1,1,0
4893,4.74,Quotient,87.0,53.57,1,1,1,1,1,7100000.0,132536.86764980401,14.34,0,2019,4,1932.0,1,1,1
4894,150.0,Address,0.0,0.0,0,0,0,1,0,55000000.0,366666.66666666674,0.0,0,2019,4,2019.0,1,0,0
4895,40.47,Address,100.0,189.85,3,2,2,1,1,27339000.0,144003.16038978138,0.0,0,2019,4,1919.0,2,1,1
4896,40.52,Address,97.0,189.3,3,2,2,1,1,21636000.0,114294.77020602216,0.0,0,2019,4,1922.0,4,1,1
4897,40.52,Address,97.0,189.3,3,2,2,1,1,20872100.0,110259.37665081881,0.0,0,2019,4,1922.0,4,1,1
4898,40.52,Address,97.0,189.3,3,2,2,1,1,25088888.0,132535.06603275225,0.0,0,2019,4,1922.0,4,1,1
4899,45.63,Address,97.0,213.45,3,2,2,1,1,27320000.0,127992.50409932071,0.0,0,2019,4,1922.0,4,1,1
4901,34.79,Other,68.5,107.98,3,2,1,1,0,12200000.0,112983.88590479716,0.0,0,2019,4,1950.5,1,2,0
5019,32.25,Address,66.0,80.96,3,2,2,1,0,13700000.0,169219.36758893286,0.0,0,2019,4,1953.0,1,1,0
5020,18.9,Address,76.0,89.25,2,1,1,1,1,4200000.0,47058.823529411755,0.0,0,2019,4,1943.0,1,1,0
5021,23.75,Address,61.0,93.07,0,0,0,0,0,8000000.0,85956.80670463093,0.0,0,2019,4,1958.0,2,1,0
5051,10.42,Address,81.0,38.46,1,1,1,1,0,4500000.0,117004.68018720749,0.0,0,2019,4,1938.0,1,1,0
5053,4.49,Quotient,96.0,52.2,2,1,1,1,1,10500000.0,201149.42528735628,0.0,0,2019,4,1923.0,1,1,0
5055,14.25,Quotient,67.0,40.58,3,2,2,1,0,3670000.0,90438.63972400196,0.0,0,2019,4,1952.0,2,1,0
5056,4.8,Other,99.0,67.13,0,0,0,0,1,15100000.0,224936.6900044689,0.0,0,2019,4,1920.0,1,1,0
5117,11.84,Quotient,106.0,204.8,3,2,2,1,1,32500000.0,158691.40625,48.24,3500000,2019,4,1913.0,1,1,1
5187,13.6,Address,77.0,102.97,0,0,0,0,0,9000000.0,87404.09828105272,0.0,0,2019,4,1942.0,1,1,0
5189,53.48,Address,102.0,206.68,4,2,2,1,1,32500000.0,157247.91948906519,0.0,0,2019,4,1917.0,1,1,1
5213,23.4,Address,76.0,110.82,3,2,2,1,1,17200000.0,155206.6414004692,0.0,0,2019,4,1943.0,1,1,0
5264,14.42,Address,71.0,60.38,2,1,1,1,1,9500000.0,157336.86651209008,0.0,0,2019,4,1948.0,1,1,0
5273,23.4,Address,76.0,109.97,3,2,2,1,1,12000000.0,109120.66927343821,0.0,0,2019,4,1943.0,1,1,0
5302,37.0,Address,0.0,28.89,2,1,1,1,0,8700000.0,301142.2637590862,0.0,0,2019,4,2019.0,1,1,0
5304,4.36,Quotient,67.0,40.07,1,1,1,1,1,5900000.0,147242.32592962316,0.0,0,2019,4,1952.0,3,1,0
5314,50.13,Address,103.0,427.55,4,2,3,1,1,68800000.0,160916.85183019534,0.0,0,2019,4,1916.0,1,1,4
5315,8.33,Quotient,106.0,109.55,0,1,1,1,1,24500000.0,223642.1725239617,0.0,0,2019,4,1913.0,1,1,0
5317,1.17,Other,72.0,5.3,1,1,1,1,0,276934.0,52251.698113207545,0.0,0,2020,1,1948.0,2,1,0
5318,3.46,Address,0.0,0.0,0,0,0,1,0,830124.0,239920.23121387284,0.0,0,2020,1,2020.0,3,0,0
5319,3.46,Address,0.0,0.0,0,0,0,1,0,830124.0,239920.23121387284,0.0,0,2020,1,2020.0,3,0,0
5320,1.17,Other,72.0,5.3,1,1,1,1,0,276934.0,52251.698113207545,0.0,0,2020,1,1948.0,2,1,0
5322,21.39,Address,106.0,134.94,3,2,2,1,1,20500000.0,151919.37157255074,0.0,0,2019,4,1913.0,1,1,0
5326,14.49,Quotient,70.0,68.84,2,2,1,1,0,6900000.0,100232.42300987797,0.0,0,2019,4,1949.0,1,1,0
5327,202.0,Address,77.0,852.9,4,2,3,1,0,105000000.0,123109.39148786494,0.0,0,2019,4,1942.0,2,11,0
5374,20.81,Address,61.0,67.94,4,2,1,1,0,7500000.0,110391.5219311157,0.0,0,2019,4,1958.0,2,1,0
5458,15.97,Quotient,108.0,238.96,3,2,2,1,1,36150000.0,151280.54904586542,83.02,4500000,2020,1,1912.0,2,1,2
5459,7.81,Quotient,101.0,120.97,2,2,1,1,1,21500000.0,177730.01570637352,0.0,0,2020,1,1919.0,1,1,1
5460,22.05,Address,76.0,104.28,3,2,2,1,1,14750000.0,141446.10663598005,0.0,0,2019,4,1943.0,1,1,0
5462,36.47,Address,97.0,171.39,0,1,1,1,1,32063000.0,187076.2588249023,0.0,0,2020,1,1923.0,4,1,0
5465,2.54,Quotient,69.0,27.160000000000004,1,1,1,1,1,4100000.0,150957.29013254785,0.0,0,2019,4,1950.0,11,1,0
5495,9.94,Quotient,106.0,123.12,3,2,2,1,1,23850000.0,193713.45029239767,0.0,0,2020,1,1914.0,1,1,0
5497,4.4,Address,70.0,37.87000000000001,1,1,1,1,1,4100000.0,108265.11750726168,0.0,0,2019,4,1949.0,2,1,0
5605,51.83,Quotient,76.0,294.74,9,0,9,1,1,41800000.0,141819.90907240278,0.0,0,2019,4,1943.0,1,1,0
5607,14.67,Quotient,100.0,200.61,3,2,2,1,1,31180000.0,155425.95084990776,40.77,2500000,2019,4,1919.0,1,1,1
5672,19.64,Quotient,108.0,281.9,2,2,2,1,1,45660000.0,161972.3306136928,83.02,4900000,2019,4,1911.0,2,1,2
5673,20.64,Address,56.0,53.42,2,1,1,1,1,5200000.0,97341.81954324222,0.0,0,2020,1,1964.0,1,1,0
5674,12.4,Address,79.16666666666667,46.08,2,1,1,1,1,6800000.0,147569.44444444447,0.0,0,2019,4,1939.833333333333,1,1,0
5675,12.65,Quotient,80.0,132.29,3,2,2,1,1,19680000.0,148764.07891752967,0.0,0,2020,1,1940.0,1,1,0
5676,15.25,Address,74.0,46.69,2,1,1,1,0,6880000.0,147354.89398158065,0.0,0,2020,1,1946.0,1,1,0
5678,3.66,Quotient,69.0,34.71,1,1,1,1,1,3800000.0,109478.53644482857,0.0,0,2020,1,1951.0,1,1,0
5680,31.0,Other,62.0,89.71,3,2,1,1,0,5320000.0,59302.19596477539,0.0,0,2019,4,1957.0,2,1,0
5685,25.0,Address,75.0,97.9,3,2,2,1,0,13000000.0,132788.55975485189,0.0,0,2019,4,1944.0,1,1,0
5700,278.0,Other,0.0,0.0,0,0,0,1,0,129506300.0,465850.0,0.0,0,2019,4,2019.0,1,0,0
5703,13.02,Quotient,67.0,95.49,3,1,2,1,1,15100000.0,158131.74154361713,0.0,0,2019,4,1952.0,3,1,0
5704,16.57,Quotient,65.0,116.21,3,2,1,1,0,12750000.0,109715.170811462,0.0,0,2019,4,1954.0,2,1,0
5706,15.0,Address,67.0,71.63,2,1,1,1,0,8800000.0,122853.55298059473,0.0,0,2020,1,1953.0,1,1,0
5707,9.18,Address,87.0,167.32999999999996,4,2,2,1,1,17320000.0,103508.03800872527,0.0,0,2019,4,1932.0,1,1,1
5708,24.0,Address,59.0,67.5,3,1,2,1,0,7700000.0,114074.07407407409,0.0,0,2019,4,1960.0,1,1,0
5767,27.36,Address,106.0,207.9,4,1,2,1,1,29831111.0,143487.78739778738,0.0,0,2020,1,1914.0,1,1,1
5768,16.2,Address,76.0,77.57,2,1,1,1,1,11600000.0,149542.34884620344,0.0,0,2019,4,1943.0,1,1,0
5769,4.49,Quotient,96.0,52.2,3,1,1,1,1,10500000.0,201149.42528735628,0.0,0,2019,4,1923.0,1,1,0
5860,13.77,Quotient,80.0,171.98999999999995,3,2,2,1,1,22800000.0,132565.84685156116,0.0,0,2020,1,1940.0,1,1,1
5861,7.0,Address,0.0,0.0,0,0,0,1,0,810000.0,115714.28571428572,0.0,0,2020,1,2020.0,1,0,0
5862,7.0,Address,0.0,0.0,0,0,0,1,0,850000.0,121428.57142857145,0.0,0,2020,1,2020.0,1,0,0
5863,21.3,Other,70.0,145.13,3,2,2,1,1,15500000.0,106800.7992834011,0.0,0,2020,1,1950.0,1,1,0
5866,12.4,Address,79.16666666666667,44.66,2,1,1,1,1,6500000.0,145544.11106135245,0.0,0,2020,1,1940.833333333333,1,1,0
5867,13.25,Quotient,106.0,183.77,4,2,2,1,1,35650000.0,193992.4906132666,27.87,0,2019,4,1913.0,1,1,1
5872,4.92,Address,70.0,39.29,0,0,0,0,1,4150000.0,105624.84092644439,0.0,0,2020,1,1950.0,2,1,0
5873,16.0,Address,0.0,15.51,4,2,2,1,0,2800000.0,180528.69116698907,0.0,0,2020,1,2020.0,2,1,0
